{
	"Format": "2.3.0",

	"ConfigSchema": {
		"Portrait style": {
			"AllowValues": "Original, CreepyKat's, Nyapu, Dacar's",
			"Description": "Style for portraits. Original - new style, CreepyKat - old, Nyapu - needs no introduction, Dacar's - non-seasonal version of Dacar's take on Rasmodia.",
			"Default": "Original"
		},
		"Character Style": {
			"AllowValues": "Original, Dacar's",
			"Description": "Style for characters. Original - same old, Dacar's - slightly more cute style.",
			"Default": "Original"
		},
		"Portrait Hat Toggle": {
			"AllowValues": "Enabled, Disabled, Beach Only",
			"Description": "Disable to remove the Witch's Hat from all portraits or Beach Only for just removing the hat from beach portraits.\nWORKS ONLY WITH DACAR'S AND NYAPU STYLE PORTRAITS! You can try tho...",
			"Default": "Enabled"
		},
		"Character Hat Toggle": {
			"AllowValues": "Enabled, Disabled, Beach Only",
			"Description": "Disable to remove the Witch's Hat from all sprites or Beach Only for just removing the hat from beach sprites. Works with both character styles.",
			"Default": "Enabled"
		},
		"Nose Overlay Toggle": {
			"AllowValues": "true, false",
			"Description": "Disable to once again steal Rasmodia's nose.",
			"Default": "true"
		},
		"Name change hearts": {
			"AllowValues": "0, 1, 2, 3, 4, 5, 6, 7, 8",
			"Description": "Minimal hearts needed for Witch to become Rasmodia (SVE or RomRas required)",
			"Default": "4"
		},
		"SCA Overwrite": {
			"AllowValues": "true, false",
			"Description": "Overwrites appearances added by Slightly Cuter Aesthetic by Poltergeister.",
			"Default": "true"
		}

	},
	"DynamicTokens": [
		{
			"Name": "Date",
			"Value": "{{Season}} {{Day}}"
		},
		{
			"Name": "IsOddYear",
			"Value": "{{Query: {{Year}} % 2 = 1}}"
		},
		{
			"Name": "RasmodiaName",
			"Value": "{{i18n:token.name.Rasmodia}}",
			"When": {
				"Query: {{Hearts:Wizard}} >= {{Name change hearts}}": true
			}
		},
		{
			"Name": "RasmodiaName",
			"Value": "{{i18n:token.name.Witch}}",
			"When": {
				"Query: {{Hearts:Wizard}} < {{Name change hearts}}": true
			}
		},
		{
			"Name": "ifDating",
			"Value": ""
		},
		{
			"Name": "ifDating",
			"Value": "_dating",
			"When": {
				"Relationship:Wizard |contains=Dating, Engaged, Married": true
			}
		},
		{
			"Name": "PortraitSVE",
			"Value": "SVE",
			"When": {
				"HasMod |contains=FlashShifter.StardewValleyExpandedCP": true
			}
		},
		{
			"Name": "PortraitSVE",
			"Value": "nonSVE",
			"When": {
				"HasMod |contains=FlashShifter.StardewValleyExpandedCP": false
			}
		},
		{
			"Name": "PortraitSVE",
			"Value": "SVE_RomRas_12",
			"When": {
				"HasMod |contains=FlashShifter.StardewValleyExpandedCP": true,
				"HasMod": "Parrot.RomRas",
				"Query: '{{Spiderbuttons.CMCT/Config: Parrot.RomRas, Portrait Mode}}' = '12'": true,
				"Portrait style |contains=CreepyKat": false
			}
		},
		{
			"Name": "PortraitSVE",
			"Value": "SVE_RomRas_12",
			"When": {
				"HasMod |contains=FlashShifter.StardewValleyExpandedCP": false,
				"HasMod |contains=Parrot.RomRas": false,
				"HasMod": "mush.loveydovey",
				"Portrait style |contains=CreepyKat": false
			}
		},
		{
			"Name": "HatPortrait",
			"Value": ""
		},
		{
			"Name": "HatPortrait",
			"Value": "/Hatless",
			"When": {
				"Portrait Hat Toggle": "Disabled"
			}
		},
		{
			"Name": "HatBeachPortrait",
			"Value": ""
		},
		{
			"Name": "HatBeachPortrait",
			"Value": "/Hatless",
			"When": {
				"Portrait Hat Toggle": "Beach Only"
			}
		},
		{
			"Name": "HatCharacter",
			"Value": ""
		},
		{
			"Name": "HatCharacter",
			"Value": "/Hatless",
			"When": {
				"Character Hat Toggle": "Disabled"
			}
		},		{
			"Name": "HatBeachCharacter",
			"Value": ""
		},
		{
			"Name": "HatBeachCharacter",
			"Value": "/Hatless",
			"When": {
				"Character Hat Toggle": "Beach Only"
			}
		},
		
		// Juna NPC
		{
			"Name": "WizardPortrait",
			"Value": "$1",
			"When": {
				"HasMod |contains=FlashShifter.StardewValleyExpandedCP": "false"
			}
		},
		{
			"Name": "WizardPortrait",
			"Value": "$3",
			"When": {
				"HasMod": "FlashShifter.StardewValleyExpandedCP"
			}
		},
		// Mr. Ginger Compatibility
		{
			"Name": "6heartwarp",
			"Value": "warp farmer 8 24"
		},
		{
			"Name": "6heartwarp",
			"Value": "warp farmer 9 24",
			"When": {
				"HasMod": "FlashShifter.StardewValleyExpandedCP"
			}
		},
		{
			"Name": "6heartmove",
			"Value": "move farmer -2 0 3"
		},
		{
			"Name": "6heartmove",
			"Value": "move farmer -3 0 3",
			"When": {
				"HasMod": "FlashShifter.StardewValleyExpandedCP"
			}
		},
		// RomRas - 12 expressions
		{
			"Name": "e0",
			"When": {
				"HasMod": "Parrot.RomRas",
				"Query: '{{Spiderbuttons.CMCT/Config: Parrot.RomRas, Portrait Mode}}' = '12'": true
			},
			"Value": "0"
		},
		{
			"Name": "e1",
			"When": {
				"HasMod": "Parrot.RomRas",
				"Query: '{{Spiderbuttons.CMCT/Config: Parrot.RomRas, Portrait Mode}}' = '12'": true
			},
			"Value": "1"
		},
		{
			"Name": "e2",
			"When": {
				"HasMod": "Parrot.RomRas",
				"Query: '{{Spiderbuttons.CMCT/Config: Parrot.RomRas, Portrait Mode}}' = '12'": true
			},
			"Value": "2"
		},
		{
			"Name": "e3",
			"When": {
				"HasMod": "Parrot.RomRas",
				"Query: '{{Spiderbuttons.CMCT/Config: Parrot.RomRas, Portrait Mode}}' = '12'": true
			},
			"Value": "3"
		},
		{
			"Name": "e4",
			"When": {
				"HasMod": "Parrot.RomRas",
				"Query: '{{Spiderbuttons.CMCT/Config: Parrot.RomRas, Portrait Mode}}' = '12'": true
			},
			"Value": "4"
		},
		{
			"Name": "e5",
			"When": {
				"HasMod": "Parrot.RomRas",
				"Query: '{{Spiderbuttons.CMCT/Config: Parrot.RomRas, Portrait Mode}}' = '12'": true
			},
			"Value": "5"
		},
		{
			"Name": "e6",
			"When": {
				"HasMod": "Parrot.RomRas",
				"Query: '{{Spiderbuttons.CMCT/Config: Parrot.RomRas, Portrait Mode}}' = '12'": true
			},
			"Value": "6"
		},
		{
			"Name": "e7",
			"When": {
				"HasMod": "Parrot.RomRas",
				"Query: '{{Spiderbuttons.CMCT/Config: Parrot.RomRas, Portrait Mode}}' = '12'": true
			},
			"Value": "7"
		},
		{
			"Name": "e8",
			"When": {
				"HasMod": "Parrot.RomRas",
				"Query: '{{Spiderbuttons.CMCT/Config: Parrot.RomRas, Portrait Mode}}' = '12'": true
			},
			"Value": "8"
		},
		{
			"Name": "e9",
			"When": {
				"HasMod": "Parrot.RomRas",
				"Query: '{{Spiderbuttons.CMCT/Config: Parrot.RomRas, Portrait Mode}}' = '12'": true
			},
			"Value": "9"
		},
		{
			"Name": "e10",
			"When": {
				"HasMod": "Parrot.RomRas",
				"Query: '{{Spiderbuttons.CMCT/Config: Parrot.RomRas, Portrait Mode}}' = '12'": true
			},
			"Value": "10"
		},
		{
			"Name": "e11",
			"When": {
				"HasMod": "Parrot.RomRas",
				"Query: '{{Spiderbuttons.CMCT/Config: Parrot.RomRas, Portrait Mode}}' = '12'": true
			},
			"Value": "11"
		},
		{
			"Name": "e12",
			"When": {
				"HasMod": "Parrot.RomRas",
				"Query: '{{Spiderbuttons.CMCT/Config: Parrot.RomRas, Portrait Mode}}' = '12'": true
			},
			"Value": "12"
		},

		{ //7 Portrait
			"Name": "e0",
			"When": {
				"HasMod": "Parrot.RomRas",
				"Query: '{{Spiderbuttons.CMCT/Config: Parrot.RomRas, Portrait Mode}}' = '7'": true
			},
			"Value": "0"
		},
		{
			"Name": "e1",
			"When": {
				"HasMod": "Parrot.RomRas",
				"Query: '{{Spiderbuttons.CMCT/Config: Parrot.RomRas, Portrait Mode}}' = '7'": true
			},
			"Value": "1"
		},
		{
			"Name": "e2",
			"When": {
				"HasMod": "Parrot.RomRas",
				"Query: '{{Spiderbuttons.CMCT/Config: Parrot.RomRas, Portrait Mode}}' = '7'": true
			},
			"Value": "2"
		},
		{
			"Name": "e3",
			"When": {
				"HasMod": "Parrot.RomRas",
				"Query: '{{Spiderbuttons.CMCT/Config: Parrot.RomRas, Portrait Mode}}' = '7'": true
			},
			"Value": "0"
		},
		{
			"Name": "e4",
			"When": {
				"HasMod": "Parrot.RomRas",
				"Query: '{{Spiderbuttons.CMCT/Config: Parrot.RomRas, Portrait Mode}}' = '7'": true
			},
			"Value": "4"
		},
		{
			"Name": "e5",
			"When": {
				"HasMod": "Parrot.RomRas",
				"Query: '{{Spiderbuttons.CMCT/Config: Parrot.RomRas, Portrait Mode}}' = '7'": true
			},
			"Value": "5"
		},
		{
			"Name": "e6",
			"When": {
				"HasMod": "Parrot.RomRas",
				"Query: '{{Spiderbuttons.CMCT/Config: Parrot.RomRas, Portrait Mode}}' = '7'": true
			},
			"Value": "4"
		},
		{
			"Name": "e7",
			"When": {
				"HasMod": "Parrot.RomRas",
				"Query: '{{Spiderbuttons.CMCT/Config: Parrot.RomRas, Portrait Mode}}' = '7'": true
			},
			"Value": "1"
		},
		{
			"Name": "e8",
			"When": {
				"HasMod": "Parrot.RomRas",
				"Query: '{{Spiderbuttons.CMCT/Config: Parrot.RomRas, Portrait Mode}}' = '7'": true
			},
			"Value": "2"
		},
		{
			"Name": "e9",
			"When": {
				"HasMod": "Parrot.RomRas",
				"Query: '{{Spiderbuttons.CMCT/Config: Parrot.RomRas, Portrait Mode}}' = '7'": true
			},
			"Value": "1"
		},
		{
			"Name": "e10",
			"When": {
				"HasMod": "Parrot.RomRas",
				"Query: '{{Spiderbuttons.CMCT/Config: Parrot.RomRas, Portrait Mode}}' = '7'": true
			},
			"Value": "0"
		},
		{
			"Name": "e11",
			"When": {
				"HasMod": "Parrot.RomRas",
				"Query: '{{Spiderbuttons.CMCT/Config: Parrot.RomRas, Portrait Mode}}' = '7'": true
			},
			"Value": "0"
		},
		{
			"Name": "e12",
			"When": {
				"HasMod": "Parrot.RomRas",
				"Query: '{{Spiderbuttons.CMCT/Config: Parrot.RomRas, Portrait Mode}}' = '7'": true
			},
			"Value": "6"
		},
		// RomRas SVE expression tokens
		{
            "Name": "expressionList",
            "Value": "|e0={{e0}} |e1={{e1}} |e2={{e2}} |e3={{e3}} |e4={{e4}} |e5={{e5}} |e6={{e6}} |e7={{e7}} |e8={{e8}} |e9={{e9}} |e10={{e10}} |e11={{e11}} |e12={{e12}}",
			"When": {
				"HasMod": "Parrot.RomRas"
			}
        },

		// Magical Crops comp name token
		{
            "Name": "CropsTheWizardName",
            "Value": "The Witch",
			"When": {
				"HasMod": "shekurika.MagicalCrops.CP"
			}
        },
		{
            "Name": "CropsWizardName",
            "Value": "the Witch",
			"When": {
				"HasMod": "shekurika.MagicalCrops.CP"
			}
        },
		{
            "Name": "CropsTheWizardName",
            "Value": "Rasmodia",
			"When": {
				"HasMod": "shekurika.MagicalCrops.CP",
				"query: {{Hearts:Wizard}} >= {{Name change hearts}}": true
			}
        },
		{
            "Name": "CropsWizardName",
            "Value": "Rasmodia",
			"When": {
				"HasMod": "shekurika.MagicalCrops.CP",
				"query: {{Hearts:Wizard}} >= {{Name change hearts}}": true
			}
        },
		{
            "Name": "CropsNameToken",
            "Value": "|CropsTheWizardName={{CropsTheWizardName}} |CropsWizardName={{CropsWizardName}}",
			"When": {
				"HasMod": "shekurika.MagicalCrops.CP"
			}
        }
	],
	"Changes": [
		///// V A N I L L A /////
		// WITCH PORTRAIT
		{
			"Action": "EditImage",
			"Target": "Portraits/Wizard",
			"FromFile": "assets/Portraits/{{Portrait Style}}{{HatPortrait}}/Witch_{{PortraitSVE}}.png"
		},
		{
			"Action": "Load",
			"Target": "Portraits/Wizard_Beach",
			"FromFile": "assets/Portraits/{{Portrait Style}}{{HatPortrait}}{{HatBeachPortrait}}/Witch_Beach.png"
		},
		// SPRITES
		{
			"Action": "EditImage",
			"Target": "Characters/Wizard",
			"FromFile": "assets/Characters/{{Character Style}}{{HatCharacter}}/Witch.png"
		},
		{
			"Action": "Load",
			"Target": "Characters/Wizard_Beach",
			"FromFile": "assets/Characters/{{Character Style}}{{HatCharacter}}{{HatBeachCharacter}}/Witch_Beach.png"
		},
		// FESTIVALS
		{
			"Action": "EditData",
			"Target": "Data/Characters",
			"TargetField": ["Wizard", "Appearance"],
			"Entries": {								
				"{{ModId}}.WitchFlowerDance": {
					"Id": "{{ModId}}.WitchFlowerDance",
					"Condition": "IS_EVENT festival_spring24",
					"Portrait": "Portraits/Rasmodia_FlowerDance",
					"Sprite": "Characters/Rasmodia_FlowerDance",
					"Precedence": -1100
				}
			}
		},
		{
			"Action": "Load",
			"Target": "Portraits/Rasmodia_FlowerDance",
			"FromFile": "assets/Portraits/{{Portrait Style}}{{HatPortrait}}/Witch_FlowerDance.png"
		},
		{
			"Action": "Load",
			"Target": "Characters/Rasmodia_FlowerDance",
			"FromFile": "assets/Characters/{{Character Style}}{{HatCharacter}}/Witch_FlowerDance.png"
		},
		// NOSE
		{
			"Action": "EditImage",
			"Target": "Characters/Wizard",
			"When": { "Nose Overlay Toggle": true },
			"PatchMode": "Overlay",
			"FromFile": "assets/Characters/{{Character Style}}/Overlays/Witch_Nose.png"
		},
		{
			"Action": "EditImage",
			"Target": "Characters/Wizard_Beach",
			"When": { "Nose Overlay Toggle": true },
			"PatchMode": "Overlay",
			"FromFile": "assets/Characters/{{Character Style}}/Overlays/Witch_Beach_Nose.png"
		},
		{
			"Action": "EditImage",
			"Target": "Characters/Rasmodia_FlowerDance",
			"When": { "Nose Overlay Toggle": true },
			"PatchMode": "Overlay",
			"FromFile": "assets/Characters/{{Character Style}}/Overlays/Witch_FlowerDance_Nose.png"
		},
		// SCA NUKE
		{
			"Action": "Include",
			"FromFile": "data/SCA_Nuke.json",
			"When": {
				"SCA Overwrite": true,
				"HasMod |contains=FlashShifter.StardewValleyExpandedCP": false,
				"HasMod |contains=Poltergeister.SeasonalCuteCharacters": true
			}
		},
		{
			"Action": "Include",
			"FromFile": "data/SCA_SVE_Nuke.json",
			"When": {
				"SCA Overwrite": true,
				"HasMod |contains=Poltergeister.SeasonalCuteSpritesSVE": true
			}
		},
		// SLEEPING SPRITE
		{
			"Action": "EditData",
			"Target": "Data/animationdescriptions",
			"When": {
				"Spouse |contains=Wizard": true
			  },
			"Entries": {
            	"wizard_sleep": "29/29/29"
            }
        },
		// CURSORS
		{
			"Action": "EditImage",
			"Target": "LooseSprites/Cursors",
			"FromFile": "assets/Misc/Witch_Teleport.png",
			"ToArea": {
				"X": 387,
				"Y": 1965,
				"Width": 16,
				"Height": 31
			}
		},
		// DISPOSITION
		{
			"Action": "EditData",
			"Target": "Data/Characters",
			"Fields": {
				"Wizard": {
					"Gender": "Female",
					"Manner": "Neutral"
				}
			}
		},
		// NAME
		{
			"Action": "EditData",
			"Target": "Data/Characters",
			"When": {
				"HasMod |contains=FlashShifter.StardewValleyExpandedCP": false,
				"HasMod |contains=Wolf.RomRas": false
			},
			"Fields": {
				"Wizard": {
					"DisplayName": "{{i18n:token.name.Witch}}"
				}
			}
		},
		{
			"Action": "EditData",
			"Target": "Data/Characters",
			"When": {
				"HasMod": "FlashShifter.StardewValleyExpandedCP, Wolf.RomRas"
			},
			"Fields": {
				"Wizard": {
					"DisplayName": "{{RasmodiaName}}"
				}
			}
		},
		// ISLAND VISITS IF MARRIED
		{
			"Action": "EditData",
			"Target": "Data/Characters",
			"When": {
				"Spouse |contains=Wizard": true
			},
			"Fields": {
				"Wizard": {
					"CanSocialize": true,
					"CanVisitIsland": true
				}
			}
		},
		// BABY QUESTION (Shouldn't be needed in 1.6)
		/*{
			"Action": "EditData",
			"Target": "Strings/Events",
			"When": {
				"Relationship:Wizard": "Married",
				"Modify baby question": true
			},
			"Entries": {
				"BirthMessage_SpouseMother": "{{i18n:BirthMessage_SpouseMother}}",
				"HaveBabyQuestion": "{{i18n:HaveBabyQuestion}}",
				"HaveBabyQuestion_Adoption": "{{i18n:HaveBabyQuestion_Adoption}}",
				"HavePlayerBabyQuestion": "{{i18n:HavePlayerBabyQuestion}}",
				"HavePlayerBabyQuestion_Adoption": "{{i18n:HavePlayerBabyQuestion_Adoption}}"
			}
		},*/
		// SPECIAL ORDER STRINGS
		{
			"Action": "EditData",
			"Target": "Strings/SpecialOrderStrings",
			"Entries": {
				"Wizard_Text": "{{i18n:Wizard_Text}}",
				"Wizard_Objective_0_Text": "{{i18n:Wizard_Objective_0_Text}}",
				"Wizard2_Text": "{{i18n:Wizard2_Text}}",
				"Wizard2_Objective_1_Text": "{{i18n:Wizard2_Objective_1_Text}}"
			}
		},
		{
			"Action": "EditData",
			"LogName": "Special Order End Dialogue - Married",
			"Target": "Strings/SpecialOrderStrings",
			"When": {
				"Relationship:Wizard": "Married"
			},
			"Entries": {
				"Wizard_Objective_0_Message": "{{i18n:Wizard_Objective_0_Message}}",
				"Wizard2_Objective_1_Message": "{{i18n:Wizard2_Objective_1_Message}}"
			}
		},
		// WITCH EMOJI
		{
			"Action": "EditImage",
			"Target": "LooseSprites/emojis",
			"FromFile": "assets/Misc/Witch_Emoji.png",
			"ToArea": {
				"X": 90,
				"Y": 108,
				"Width": 9,
				"Height": 9
			}
		},
		// ENCHANTER'S BUNDLE
		{
			"Action": "EditImage",
			"Target": "LooseSprites/JunimoNote",
			"FromFile": "assets/Misc/witch_bundle.png",
			"ToArea": {
				"X": 416,
				"Y": 212,
				"Width": 32,
				"Height": 32
			}
		},
		// PERFECTION SPRITES
		{
			"Action": "EditImage",
			"Target": "Characters/KrobusRaven",
			"When": {
				"Relationship:Wizard |contains=Engaged, Married": false
			},
			"FromFile": "assets/Misc/perfection_witch.png",
			"ToArea": {
				"X": 0,
				"Y": 64,
				"Width": 128,
				"Height": 40
			}
		},
		// OBJECTS
		{
			"Action": "EditData",
			"Target": "Data/Objects",
			"Fields": {
				"875": {
					"Description": "{{i18n:875.description}}"
				}
			}
		},
		// QUESTS
		{
			"Action": "EditData",
			"Target": "Data/Quests",
			"Entries": {
				"1": "Location/{{i18n:1.title}}/{{i18n:1.text}}/{{i18n:1.objective}}/WizardHouse/-1/0/-1/false",
				"28": "Basic/{{i18n:28.title}}/{{i18n:28.text}}/{{i18n:28.objective}}/-1/-1/0/-1/false",
				"111": "ItemDelivery/{{i18n:111.title}}/{{i18n:111.text}}/{{i18n:111.objective}}/Wizard 769/-1/1000/-1/true/{{i18n:111.reaction}}",
				"123": "ItemDelivery/{{i18n:123.title}}/{{i18n:123.text}}/{{i18n:123.objective}}/Wizard 337/-1/5000/-1/true/{{i18n:123.reaction}}"
			}
		},
		// STRINGS
		{
			"Action": "EditData",
			"Target": "Strings/StringsFromCSFiles",
			"Entries": {
				"MapPage.cs.11067": "{{i18n:MapPage.cs.11067}}",
				"ItemDeliveryQuest.cs.13546": "{{i18n:ItemDeliveryQuest.cs.13546}}",
				"ItemDeliveryQuest.cs.13548": "{{i18n:ItemDeliveryQuest.cs.13548}}",
				"ItemDeliveryQuest.cs.13551": "{{i18n:ItemDeliveryQuest.cs.13551}}",
				"ItemDeliveryQuest.cs.13553": "{{i18n:ItemDeliveryQuest.cs.13553}}",
				"SlayMonsterQuest.cs.13752": "{{i18n:SlayMonsterQuest.cs.13752}}"
				}
		},
		// EVENT LOOKUP
		{
			"Action": "EditData",
			"Target": "Mods/shekurika.EventLookup/locationnames",
			"When": {
				"HasMod": "shekurika.EventLookup"
			},
			"Entries": {
				"WizardHouse": "{{i18n:MapPage.cs.11067}}"
			}
		},
		// NPC MAP LOCATIONS - she needs a stool
		{
			"Action": "EditData",
			"Target": "Mods/Bouhm.NPCMapLocations/NPCs",
			"When": {
				"HasMod":"Bouhm.NPCMapLocations"
			},
			"Entries": {
				"Wizard": {
					"MarkerCropOffset": 2
				}
			}
		},

		// DIALOGUE
		// CAROLINE DIALOGUE
		{
			"Action": "EditData",
			"Target": "Characters/Dialogue/Caroline",
			"Entries": {
				"Mon8": "{{i18n:Vanilla.Caroline.Mon8}}"
			}
		},
		// KROBUS DIALOGUE
		{
			"Action": "EditData",
			"Target": "Characters/Dialogue/MarriageDialogueKrobus",
			"Entries": {
				"Rainy_Day_3": "{{i18n:Vanilla.Krobus.Rainy_Day_3}}"
			}
		},
		// FESTIVAL DIALOGUE
		{
			"Action": "EditData",
			"Target": "Data/Festivals/fall27",
			"Entries": {
				"Lewis": "{{i18n:Vanilla.Lewis.Lewis}}"
			}
		},
		// SAM DIALOGUE
		{
			"Action": "EditData",
			"Target": "Characters/Dialogue/Sam",
			"Entries": {
				"fall_26": "{{i18n:Vanilla.Sam.fall_26}}"
			}
		},
		// 	MAIL VANILLA
		{
			"Action": "EditData",
			"Target": "Data/mail",
			"Entries": {
				"wizardJunimoNote": "{{i18n:Vanilla.mail.wizardJunimoNote.text}} %item quest 1 true %%[#]{{i18n:Vanilla.mail.wizardJunimoNote.title}}",
				"Wizard": "{{i18n:Vanilla.mail.Wizard.text}}%item object 422 1 82 1 84 1 70 1 %%[#]{{i18n:Vanilla.mail.Wizard.title}}",
				"winter_12_1": "{{i18n:Vanilla.mail.winter_12_1.text}} %item quest 111 %%[#]{{i18n:Vanilla.mail.winter_12_1.title}}",
				"winter_5_2": "{{i18n:Vanilla.mail.winter_5_2.text}} %item quest 123 %%[#]{{i18n:Vanilla.mail.winter_5_2.title}}",
				"KrobusCrafting": "{{i18n:Vanilla.mail.KrobusCrafting.text}}%item craftingRecipe Dark_Sign %%[#]{{i18n:Vanilla.mail.KrobusCrafting.title}}",
				"WizardReward": "{{i18n:Vanilla.mail.WizardReward.text}}%item craftingRecipe Monster_Musk %%[#]{{i18n:Vanilla.mail.WizardReward.title}}",
				"WizardReward2": "{{i18n:Vanilla.mail.WizardReward2.text}}%item craftingRecipe Mini-Obelisk %%[#]{{i18n:Vanilla.mail.WizardReward2.title}}"
			}
		},
		// OBJECTS VANILLA
		{
			"Action": "EditData",
			"Target": "Strings/Objects",
			"Entries": {
				"MagicInkDescription": "{{i18n:MagicInkDescription}}"
			}
		},
		// 1.6 Strings
		{
			"Action": "EditData",
			"Target": "Strings/1_6_Strings",
			"Entries": {
				"WizardCatalogueDescription": "{{i18n:WizardCatalogueDescription}}",
				"WizardCatalogueLetter": "{{i18n:WizardCatalogueLetter}}"
			}
		},
		// VANILLA EVENTS
		// WIZARD VANILLA EVENT - Junimo Note
		{
			"Action": "EditData",
			"Target": "Data/Events/WizardHouse",
			"Entries": {
				"112/n seenJunimoNote": "WizardSong/-1000 -1000/farmer 8 24 0 Wizard 10 15 2 Junimo -2000 -2000 2/skippable/addConversationTopic cc_Begin/showFrame Wizard 20/viewport 8 18 true/move farmer 0 -3 0/pause 2000/speak Wizard \"{{i18n:Vanilla.Junimo.0}}\"/pause 800/animate Wizard false false 100 20 21 22 0/playSound dwop/pause 1000/stopAnimation Wizard/move Wizard -2 0 3 false/move Wizard 0 2 2/pause 1500/speak Wizard \"{{i18n:Vanilla.Junimo.1}}\"/pause 1000/move Wizard 0 1 2/speak Wizard \"{{i18n:Vanilla.Junimo.2}}\"/pause 1500/speak Wizard \"{{i18n:Vanilla.Junimo.3}}\"/pause 500/faceDirection Wizard 1/playMusic none/pause 800/speak Wizard \"{{i18n:Vanilla.Junimo.4}}\"/playMusic clubloop/pause 1000/showFrame Wizard 19/playSound wand/screenFlash .8/warp Junimo 10 17/specificTemporarySprite junimoCage/pause 3000/shake Junimo 800/playSound junimoMeep1/pause 1000/shake Junimo 800/playSound junimoMeep1/pause 1000/faceDirection Wizard 1 true/showFrame Wizard 4/pause 2000/shake Junimo 800/playSound junimoMeep1/pause 1000/speak Wizard \"{{i18n:Vanilla.Junimo.5}}\"/move Wizard 0 -1 1/pause 1000/shake Junimo 800/playSound junimoMeep1/pause 1000/speak Wizard \"{{i18n:Vanilla.Junimo.6}}\"/pause 1000/playSound dwop/faceDirection Wizard 2 true/showFrame Wizard 16/pause 500/playSound wand/screenFlash .8/warp Junimo -3000 -3000/specificTemporarySprite junimoCageGone/playMusic WizardSong/pause 1000/showFrame Wizard 0/pause 500/speak Wizard \"{{i18n:Vanilla.Junimo.7}}\"/pause 1000/move farmer 0 -1 0/emote farmer 48/pause 1000/speak Wizard \"{{i18n:Vanilla.Junimo.8}}\"/move Wizard 0 1 2/speak Wizard \"{{i18n:Vanilla.Junimo.9}}\"/pause 1000/playSound shwip/faceDirection Wizard 3 true/pause 50/faceDirection Wizard 0 true/pause 50/faceDirection Wizard 1 true/pause 50/faceDirection Wizard 2 true/pause 50/showFrame Wizard 16/pause 500/playSound wand/warp Wizard -3000 -3000/specificTemporarySprite wizardWarp/pause 2000/faceDirection farmer 1/faceDirection farmer 3/faceDirection farmer 0/pause 2000/playSound dwop/faceDirection Wizard 0 true/faceDirection farmer 1 true/pause 50/faceDirection farmer 2/pause 1500/playSound doorClose/warp Wizard 8 24/faceDirection farmer 2 true/showFrame farmer 94/startJittering/move Wizard 0 -1 0/stopJittering/showFrame farmer 0/move Wizard 0 -2 0/speak Wizard \"{{i18n:Vanilla.Junimo.10}}\"/move Wizard -2 0 3/pause 800/speak Wizard \"{{i18n:Vanilla.Junimo.11}}\"/pause 1000/message \"{{i18n:Vanilla.Junimo.12}}\"/pause 500/move Wizard 0 -2 3/faceDirection farmer 3 true/move Wizard -3 0 2/pause 1000/showFrame Wizard 18/emote Wizard 40/speak Wizard \"{{i18n:Vanilla.Junimo.13}}\"/pause 1000/speak Wizard \"{{i18n:Vanilla.Junimo.14}}\"/pause 1500/showFrame Wizard 0/jump Wizard/pause 800/speak Wizard \"{{i18n:Vanilla.Junimo.15}}\"/pause 800/faceDirection Wizard 1/speak Wizard \"{{i18n:Vanilla.Junimo.16}}\"/pause 500/move farmer -2 0 0/move farmer 0 -1 3/move farmer -2 0 3/move Wizard -1 0 2/move farmer -1 0 2/pause 500/speak Wizard \"{{i18n:Vanilla.Junimo.17}}\"/pause 500/showFrame Wizard 18/showFrame 96/pause 1000/speak Wizard \"{{i18n:Vanilla.Junimo.18}}\"/pause 800/emote farmer 28/showFrame Wizard 19/pause 800/showFrame farmer 90/pause 1000/farmerEat 184/pause 4000/playSound gulp/animate farmer false true 350 104 105/pause 4000/specificTemporarySprite farmerForestVision/pause 7000/pause 19500/globalFade .008/specificTemporarySprite junimoCageGone2/viewport -1000 -1000/playMusic none/pause 2000/playSound reward/pause 300/message \"{{i18n:Vanilla.Junimo.19}}\"/end warpOut"
			}
		},
		// WIZARD VANILLA EVENT - Magic Ink
		{
			"Action": "EditData",
			"Target": "Data/Events/WizardHouse",
			"When": {
				"HasMod |contains=Parrot.RomRas": false,
				"HasMod |contains=Wolf.RomRas": false
			},
			"Entries": {
				"418172/n hasPickedUpMagicInk": "WizardSong/2 14/farmer 3 14 3 Wizard 1 14 1/skippable/pause 1000/speak Wizard \"{{i18n:Vanilla.MagicInk.0}}\"/move Wizard 1 0 1/pause 1000/speak Wizard \"{{i18n:Vanilla.MagicInk.1}}\"/faceDirection Wizard 2/pause 500/showFrame Wizard 18/pause 500/speak Wizard \"{{i18n:Vanilla.MagicInk.2}}\"/pause 500/showFrame Wizard 0/emote Wizard 12/pause 500/faceDirection Wizard 3/pause 500/speak Wizard \"{{i18n:Vanilla.MagicInk.3}}\"/pause 500/pause 500/faceDirection Wizard 2/pause 500/speak Wizard \"{{i18n:Vanilla.MagicInk.4}}\"/move Wizard -1 0 1/pause 800/faceDirection Wizard 2/pause 1000/showFrame Wizard 16/pause 800/specificTemporarySprite arcaneBook/playSound fireball/shake Wizard 500/pause 4000/faceDirection farmer 0/faceDirection Wizard 1/faceDirection Wizard 0/pause 500/speak Wizard \"{{i18n:Vanilla.MagicInk.5}}\"/pause 500/faceDirection farmer 3/faceDirection Wizard 1/speak Wizard \"{{i18n:Vanilla.MagicInk.6}}\"/pause 1000/emote farmer 32/pause 800/end"
			}
		},
		// WIZARD VANILLA EVENT - Magic Ink Quest Intro
		{
			"Action": "EditData",
			"Target": "data/events/railroad",
			"When": {
				"HasMod |contains=Parrot.RomRas": false,
				"HasMod |contains=Wolf.RomRas": false
			},
			"Entries": {
				"529952/C": "WizardSong/54 36/Wizard 54 36 0 farmer 50 40 1/addQuest 28/skippable/move farmer 1 0 0/move farmer 0 -4 1/faceDirection Wizard 3 true/move farmer 1 0 1/pause 800/faceDirection Wizard 0/pause 600/emote Wizard 40/pause 500/speak Wizard \"{{i18n:Vanilla.InkIntro.0}}\"/pause 800/faceDirection Wizard 3/pause 400/faceDirection Wizard 0/pause 400/speak Wizard \"{{i18n:Vanilla.InkIntro.1}}\"/pause 800/faceDirection Wizard 3 true/pause 50/faceDirection Wizard 2/pause 800/showFrame Wizard 18/pause 800/speak Wizard \"{{i18n:Vanilla.InkIntro.2}}\"/pause 500/showFrame Wizard 0/pause 800/faceDirection Wizard 3/speak Wizard \"{{i18n:Vanilla.InkIntro.3}}\"/pause 400/faceDirection Wizard 0/speak Wizard \"{{i18n:Vanilla.InkIntro.4}}\"/pause 1000/speak Wizard \"{{i18n:Vanilla.InkIntro.5}}\"/move Wizard -1 0 3/speak Wizard \"{{i18n:Vanilla.InkIntro.6}}\"/move Wizard 1 0 0/speak Wizard \"{{i18n:Vanilla.InkIntro.7}}\"/pause 500/faceDirection Wizard 3/speak Wizard \"{{i18n:Vanilla.InkIntro.8}}\"/pause 500/faceDirection Wizard 2/pause 500/showFrame Wizard 16/pause 500/playSound wand/warp Wizard -3000 -3000/specificTemporarySprite wizardWarp2/faceDirection farmer 2 true/showFrame farmer 94/pause 3000/showFrame farmer 0/specificTemporarySprite witchFlyby/pause 4000/end"
			}
		},
		// M O D   C O M P A T I B I L I T Y
		// Stardew Valley Expanded
		{
			"Action": "Include",
			"When": {
				"HasMod": "FlashShifter.StardewValleyExpandedCP"
			},
			"FromFile": "data/compatibility/SVE.json"
		},
		// Romanceable Rasmodius SVE
		{
			"Action": "Include",
			"When": {
				"HasMod": "Parrot.RomRas"
			},
			"FromFile": "data/compatibility/RasmodiusSVE.json"
		},
		// Mr. Ginger
		{
			"Action": "Include",
			"When": {
				"HasMod": "LemurKat.Mr.Ginger.NPC"
			},
			"FromFile": "data/compatibility/Ginger.json"
		},
		// Tristan - kept for standalone version
		{
			"Action": "Include",
			"When": {
				"HasMod": "Lemurkat.Tristan.CP"
			},
			"FromFile": "data/compatibility/Tristan.json"
		},
		// Adventurer's Guild Expanded
		{
			"Action": "Include",
			"When": {
				"HasMod": "supert.adventureguildexpanded"
			},
			"FromFile": "data/compatibility/AGE.json"
		},
		// Juna NPC
		{
			"Action": "Include",
			"When": {
				"HasMod": "elhrvy.NPCJuna"
			},
			"FromFile": "data/compatibility/Juna.json"
		},
		// Lunna
		{
			"Action": "Include",
			"When": {
				"HasMod": "Rafseazz.LunnaCP"
			},
			"FromFile": "data/compatibility/Lunna.json"
		},
		// RSV
		{
			"Action": "Include",
			"When": {
				"HasMod": "Rafseazz.RSVCP"
			},
			"FromFile": "data/compatibility/RSV.json"
		},
		// Lucikiel
		{
			"Action": "Include",
			"When": {
				"HasMod": "Arknir.Lucikiel"
			},
			"FromFile": "data/compatibility/Lucikiel.json"
		},
		// Non-SVE RomRas
		{
			"Action": "Include",
			"When": {
				"HasMod": "Wolf.RomRas"
			},
			"FromFile": "data/compatibility/RasmodiusNonSVE.json"
		},
		// Fostoria
		{
			"Action": "Include",
			"When": {
				"HasMod": "Fostoria.Stoffton"
			},
			"FromFile": "data/compatibility/Fostoria.json"
		},
		// Jasper
		{
			"Action": "Include",
			"When": {
				"HasMod": "Lemurkat.NPCJasper"
			},
			"FromFile": "data/compatibility/Jasper.json"
		},
		// Wellwick
		{
			"Action": "Include",
			"When": {
				"HasMod": "Jyangnam.Wellwick"
			},
			"FromFile": "data/compatibility/Wellwick.json"
		},
		// Aquarium
		{
			"Action": "Include",
			"When": {
				"HasMod": "LemurKat.StardewAquariumCP"
			},
			"FromFile": "data/compatibility/Aquarium.json"
		},
		// Jade - kept for standalone version
		{
			"Action": "Include",
			"When": {
				"HasMod": "malic.cp.jadeNPC"
			},
			"FromFile": "data/compatibility/Jade.json"
		},
		// Eugene - disabled since in the base mod now
		/*{
			"Action": "Include",
			"When": {
				"HasMod": "SapieEugeneEnglish"
			},
			"FromFile": "data/compatibility/Eugene.json"
		},*/
		// Juliet - kept for standalone version
		{
			"Action": "Include",
			"When": {
				"HasMod": "LemurKat.JulietHouse.NPC"
			},
			"FromFile": "data/compatibility/Juliet.json"
		},
		// The Last Smoluanu
		{
			"Action": "Include",
			"When": {
				"HasMod": "Lemurkat.Dwarf.CP"
			},
			"FromFile": "data/compatibility/Smoluanu.json"
		},
		// Ayeisha
		{
			"Action": "Include",
			"When": {
				"HasMod": "TheLimeyDragon.Ayeisha"
			},
			"FromFile": "data/compatibility/Ayeisha.json"
		},
		// MNF (quests, not mail)
		{
			"Action": "Include",
			"When": {
				"HasMod": "MoreFish"
			},
			"FromFile": "data/compatibility/MNF.json"
		},
		// Greenhouse Sprinklers
		{
			"Action": "Include",
			"When": {
				"HasMod": "Bpendragon.GreenhouseSprinklers"
			},
			"FromFile": "data/compatibility/GreenhouseSprinklers.json"
		},
		// Festival of the Mundane
		{
			"Action": "Include",
			"When": {
				"HasMod": "MouseyPounds.ShadowFestival"
			},
			"FromFile": "data/compatibility/FestivalOfMundane.json"
		},
		// Greenhouse Gatherers
		{
			"Action": "Include",
			"When": {
				"HasMod": "MouseyPounds.ShadowFestival"
			},
			"FromFile": "data/compatibility/GreenhouseGatherers.json"
		},
		// No Qi required
		{
			"Action": "Include",
			"When": {
				"HasMod": "cosplaywrite.NoQiRequired"
			},
			"FromFile": "data/compatibility/NoQi.json"
		},
		// Missing Hat Bundles
		{
			"Action": "Include",
			"When": {
				"HasMod": "Lumisteria.CP.MissingHatsBundles"
			},
			"FromFile": "data/compatibility/HatBundles.json"
		},
		// Better Junimos
		/*
		{
			"Action": "Include",
			"When": {
				"HasMod": "ceruleandeep.BetterJunimos.CP"
			},
			"FromFile": "data/compatibility/BetterJunimos.json"
		},
		*/
		// Hat Mouse Lacey
		{
			"Action": "Include",
			"When": {
				"HasMod": "ichortower.HatMouseLacey"
			},
			"FromFile": "data/compatibility/Lacey.json"
		},
		// Magical Crops
		{
			"Action": "Include",
			"When": {
				"HasMod": "shekurika.MagicalCrops.CP"
			},
			"FromFile": "data/compatibility/MagicalCrops.json"
		},
		// East Scarp Remastered
		{
			"Action": "Include",
			"When": {
				"HasMod": "Lemurkat.EastScarpNPCs"
			},
			"FromFile": "data/compatibility/ESR.json"
		},
		// CFDE
		{
			"Action": "Include",
			"When": {
				"HasMod": "gizzymo.canonfriendlyexpansion"
			},
			"FromFile": "data/compatibility/CFDE.json"
		},

		///// M O V I E   R E A C T I O N S /////
		{
			"Action": "Include",
			"FromFile": "data/Movie_reactions.json"
		},
		///// R A S M O D I A   O R I G I N A L /////
		{
			"Action": "Include",
			"FromFile": "data/Rasmodia_Original.json"
		}
	]
}