{
	"Changes": [
	
        {
            "Action": "EditData",
            "Target": "Data/MoviesReactions",
            "Entries": {
                "Wizard": {
                "NPCName": "Wizard",
                    "Reactions": [{
                        "Tag": "fall_movie_0",
                        "Response": "love",
                        "Whitelist": [],
                        "SpecialResponses": {
                            "BeforeMovie": {
                                "ResponsePoint": null,
                                "Script": "",
                                "Text": "{{i18n:fallmovie.before}}"
                                },
                            "DuringMovie": {
                                "ResponsePoint": null,
                                "Script": "/message \"{{i18n:fallmovie.during.script}}\"",
                                "Text": "{{i18n:fallmovie.during}}"
                                },
                            "AfterMovie": {
                                "ResponsePoint": null,
                                "Script": "",
                                "Text": "{{i18n:fallmovie.after}}"
                                }
                            },
                            "ID": "reaction_1"
                        },
                        {
                        "Tag": "*",
                        "Response": "dislike",
                        "Whitelist": [],
                        "SpecialResponses": {
                            "BeforeMovie": {
                                "ResponsePoint": null,
                                "Script": "",
                                "Text": "..."
                                },
                            "DuringMovie": null,
                            "AfterMovie": {
                                "ResponsePoint": null,
                                "Script": "",
                                "Text": "{{i18n:movie.dislike}}"
                                }
                            },
                            "ID": "reaction_0"
                        }
                    ]
                    }
            }
        },
            {
            "Action": "EditData",
            "Target": "Data/MoviesReactions",
            "When": { "HasMod": "FlashShifter.StardewValleyExpandedCP" },
            "Entries": {
                "Morgan":  {
                "NPCName": "Morgan",
                "Reactions": [{
                    "Tag": "spring_movie_0",
                    "Response": "love",
                    "Whitelist": [],
                    "SpecialResponses": {
                        "BeforeMovie": {
                            "ResponsePoint": "",
                            "Script": "",
                            "Text": "{{i18n:springmovie.before}}"
                            },
                        "DuringMovie": {
                            "ResponsePoint": "",
                            "Script": "",
                            "Text": "!!!$3"
                            },
                        "AfterMovie": {
                            "ResponsePoint": "",
                            "Script": "",
                            "Text": "{{i18n:springmovie.after}}"
                            }
                        },
                        "ID": "reaction_0"
                },
                    {
                    "Tag": "horror",
                    "Response": "dislike",
                    "Whitelist": [],
                    "SpecialResponses": {
                        "BeforeMovie": {
                            "ResponsePoint": "",
                            "Script": "",
                            "Text": "{{i18n:horrormovie.before}}"
                            },
                        "DuringMovie": {
                            "ResponsePoint": "",
                            "Script": "",
                            "Text": "!!!$5"
                            },
                        "AfterMovie": {
                            "ResponsePoint": "",
                            "Script": "",
                            "Text": "{{i18n:horrormovie.after}}"
                            }
                        },
                        "ID": "reaction_1"
                    },
                    {
                    "Tag": "winter_movie_1",
                    "Response": "dislike",
                    "Whitelist": [],
                    "SpecialResponses": {
                        "BeforeMovie": {
                            "ResponsePoint": "",
                            "Script": "",
                            "Text": "{{i18n:wintermovie.before}}"
                            },
                        "DuringMovie": {
                            "ResponsePoint": "",
                            "Script": "",
                            "Text": "{{i18n:windermovie.during}}"
                            },
                        "AfterMovie": {
                            "ResponsePoint": "",
                            "Script": "",
                            "Text": "{{i18n:windermovie.after}}"
                            }
                        },
                        "ID": "reaction_2"
                    },
                    {
                    "Tag": "summer_movie_0",
                    "Response": "like",
                    "Whitelist": [],
                    "SpecialResponses": {
                        "BeforeMovie": {
                            "ResponsePoint": "",
                            "Script": "",
                            "Text": "{{i18n:summermovie.before}}"
                            },
                        "DuringMovie": {
                            "ResponsePoint": "",
                            "Script": "",
                            "Text": "{{i18n:summermovie.during}}"
                            },
                        "AfterMovie": {
                            "ResponsePoint": "",
                            "Script": "",
                            "Text": "{{i18n:summermovie.after}}"
                            }
                        },
                        "ID": "reaction_3"
                    },
                    {
                    "Tag": "love",
                    "Response": "like",
                    "Whitelist": [],
                    "SpecialResponses": {
                        "BeforeMovie": {
                            "ResponsePoint": "",
                            "Script": "",
                            "Text": "{{i18n:love.before}}"
                            },
                        "DuringMovie": {
                            "ResponsePoint": "",
                            "Script": "",
                            "Text": ""
                            },
                        "AfterMovie": {
                            "ResponsePoint": "",
                            "Script": "",
                            "Text": "{{i18n:love.after}}"
                            }
                        },
                        "ID": "reaction_4"
                    },
                    {
                    "Tag": "like",
                    "Response": "like",
                    "Whitelist": [],
                    "SpecialResponses": {
                    "BeforeMovie": {
                        "ResponsePoint": "",
                        "Script": "",
                        "Text": "{{i18n:like.before}}"
                        },
                    "DuringMovie": null,
                    "AfterMovie": {
                        "ResponsePoint": "",
                        "Script": "",
                        "Text": "{{i18n:like.after}}"
                        }
                    },
                    "ID": "reaction_5"
                    },
                    {
                    "Tag": "dislike",
                    "Response": "like",
                    "Whitelist": [],
                    "SpecialResponses": {
                        "BeforeMovie": {
                            "ResponsePoint": "",
                            "Script": "",
                            "Text": "{{i18n:dislike.before}}"
                            },
                        "DuringMovie": {
                            "ResponsePoint": "",
                            "Script": "",
                            "Text": "{{i18n:windermovie.during}}"
                            },
                        "AfterMovie": {
                            "ResponsePoint": "",
                            "Script": "",
                            "Text": "{{i18n:dislike.after}}"
                            }
                        },
                        "ID": "reaction_6"
                    }
                    ]
                }
            }
        }
	
	]
}