{
	"Format": "2.0.0",
	"Changes": [
		{
            "Action": "EditData",
            "Target": "Data/hats",
            "Fields": {
                "0": { 2: "true"}, // Cowboy Hat
                "1": { 2: "true"}, // Bowler Hat
                "2": { 2: "true"}, // Top Hat
                "3": { 2: "true"}, // Sombrero
                "4": { 2: "true"}, // Straw Hat
                "5": { 2: "true"}, // Official Cap
                "6": { 2: "true"}, // Blue Bonnet
                "7": { 2: "true"}, // Plum Chapeau
                "15": { 2: "true"}, // Hunter's Cap
                "16": { 2: "true"}, // Trucker Hat
                "17": { 2: "true"},	// Sailor's Cap
                "18": { 2: "true"}, // Good Ol' Cap
                "19": { 2: "true"}, // Fedora
                "20": { 2: "true"}, // Cool Cap
                "23": { 2: "true"}, // Gnome's Cap
                "25": { 2: "true"}, // Santa Hat
                "27": { 2: "true"}, // Hard Hat
                "28": { 2: "true"}, // Sou'wester
                "33": { 2: "true"}, // Cowgal Hat
                "34": { 2: "true"}, // Cowpoke Hat
                "35": { 2: "true"}, // Archer's Cap
                "36": { 2: "true"}, // Panda Hat
                "37": { 2: "true"}, // Blue Cowboy Hat
                "38": { 2: "true"}, // Red Cowboy Hat
                "39": { 2: "true"}, // Cone Hat
                "40": { 2: "true"}, // Living Hat
                "41": { 2: "true"}, // Emily's Magic Hat
                "42": { 2: "true"}, // Mushroom Cap
                "43": { 2: "true"}, // Dinosaur Hat
                "45": { 2: "true"}, // Logo Cap
                "46": { 2: "true"}, // Wearable Dwarf Helm
                "47": { 2: "true"}, // Fashion Hat
                "48": { 2: "true"}, // Pumpkin Mask
                "50": { 2: "true"}, // Knight's Helmet
                "51": { 2: "true"}, // Squire's Helmet
                "52": { 2: "true"}, // Spotted Headscarf
                "53": { 2: "true"}, // Beanie
                "54": { 2: "true"}, // Floppy Beanie
                "55": { 2: "true"}, // Fishing Hat
                "57": { 2: "true"}, // Party Hat (red)
                "58": { 2: "true"}, // Party Hat (blue)
                "59": { 2: "true"}, // Party Hat (Green)
                "60": { 2: "true"}, // Arcane Hat
                "61": { 2: "true"}, // Chef Hat
                "62": { 2: "true"}, // Pirate Hat
                "63": { 2: "true"}, // Flat Topped Hat
                "64": { 2: "true"}, // Elegant Turban
                "65": { 2: "true"}, // White Turban
                "66": { 2: "true"}, // Garbage Hat
                "68": { 2: "true"}, // Propeller Hat
                "69": { 2: "true"}, // Bridal Veil
                "70": { 2: "true"}, // Witch Hat
                "71": { 2: "true"}, // Copper Pan
                "72": { 2: "true"}, // Green Turban
                "73": { 2: "true"}, // Magic Cowboy Hat
                "74": { 2: "true"}, // Magic Turban
                "75": { 2: "true"}, // Golden Helmet
                "76": { 2: "true"}, // Deluxe Pirate Hat
                "78": { 2: "true"}, // Frog Hat
                "79": { 2: "true"}, // Small Cap
                "81": { 2: "true"}, // Deluxe Cowboy Hat
                "82": { 2: "true"}, // Mr. Qi's Hat
                "83": { 2: "true"}, // Dark Cowboy Hat
                "85": { 2: "true"}, // Swashbuckler Hat
                "87": { 2: "true"}, // Star Helmet
                "90": { 2: "true"}, // Forager's Hat
                "91": { 2: "true"}, // Tiger Hat
                "93": { 2: "true"}, // Warrior Helmet
                "TricornHat": { 2: "true"},
                "JojaCap": { 2: "true"},
                "GilsHat": { 2: "true"},
                "BucketHat": { 2: "true"},
                "SquidHat": { 2: "true"},
                "SportsCap": { 2: "true"},
                "RedFez": { 2: "true"},
                "RaccoonHat": { 2: "true"},
                "SteelPanHat": { 2: "true"},
                "GoldPanHat": { 2: "true"},
                "IridiumPanHat": { 2: "true"},
                "MysteryHat": { 2: "true"},
                "DarkBallcap": { 2: "true"},
                "LeprechuanHat": { 2: "true"},
                "JunimoHat": { 2: "true"},
                "PaperHat": { 2: "true"},
                "PageboyCap": { 2: "true"},
                "JesterHat": { 2: "true"},
                "GovernorsHat": { 2: "true"},
                "InfinityCrown": { 2: "true"},
			}
		}
	]
}