{
  "$schema": "https://smapi.io/schemas/content-patcher.json",
  "Format": "2.0.0",

  "ConfigSchema": {

    "Lantana_Disable": {
      "AllowValues": "true, false",
      "Default": "false"
    },
    "PG": {
      "AllowValues": "true, false",
      "Default": "false"
    },
    "Lantana_Wedding": {
      "AllowValues": "true, false",
      "Default": "true"
    }
  },




  "DynamicTokens": [
    {
      "Name": "LantanaWeddingLocation",
      "Value": "MermaidLantana 22 71 0"
    },
    {
      "Name": "LantanaWeddingLocation",
      "Value": "MermaidLantana 500 500 0",
      "When": {
        "Lantana_Wedding": false
      }
    },
    {
      "Name": "LantanaSprite",
      "Value": "assets/Lantana/spritesheet.png"
    },
    {
      "Name": "LantanaSprite",
      "Value": "assets/Lantana/spritesheetPG.png",
      "When": {
        "PG": true
      }
   
      //"X": "{{Query: {{x token}} }}"
    }




    //"assets/Lantana/spritesheet.png"
  ],



  "Changes": [


    {
      "Action": "Load",
      "FromFile": "Assets/AineFlower.png",
      "Target": "Mods/ApryllForever.CPPolyamorySweet/AineFlower"
    },

    {
      "Action": "Load",
      "FromFile": "Assets/AineFlowerSeeds.png",
      "Target": "Mods/ApryllForever.CPPolyamorySweet/AineFlowerSeeds"
    },

    {
      "Action": "Load",
      "FromFile": "Assets/AineFlowerCrop.png",
      "Target": "Mods/ApryllForever.CPPolyamorySweet/AineFlowerCrop"
    },


    {
      "Action": "Load",
      "FromFile": "Assets/AphroditeFlower.png",
      "Target": "Mods/ApryllForever.CPPolyamorySweet/AphroditeFlower"
    },

    {
      "Action": "Load",
      "FromFile": "Assets/AphroditeFlowerSeeds.png",
      "Target": "Mods/ApryllForever.CPPolyamorySweet/AphroditeFlowerSeeds"
    },

    {
      "Action": "Load",
      "FromFile": "Assets/AphroditeFlowerCrop.png",
      "Target": "Mods/ApryllForever.CPPolyamorySweet/AphroditeFlowerCrop"
    },

    {
      "Action": "Load",
      "FromFile": "Assets/LilithToken.png",
      "Target": "Mods/ApryllForever.CPPolyamorySweet/LilithToken"
    },

    {
      "Action": "Load",
      "FromFile": "Assets/AtagartisPendant.png",
      "Target": "Mods/ApryllForever.CPPolyamorySweet/AtagartisPendant"
    },

 {
      "Action": "Load",
      "FromFile": "Assets/CeresPendant.png",
      "Target": "Mods/ApryllForever.CPPolyamorySweet/CeresPendant"
    },

    {
      "Action": "Load",
      "FromFile": "Assets/MermaidBouquet.png",
      "Target": "Mods/ApryllForever.CPPolyamorySweet/MermaidBouquet"
    },

    {
      "Action": "Load",
      "FromFile": "Assets/RoomieBGone.png",
      "Target": "Mods/ApryllForever.CPPolyamorySweet/RoomieBGone"
    },




    {
      "Action": "EditData",
      "Target": "Data/Crops",
      "Entries": {
        "ApryllForever.CPPolyamorySweet_AineFlowerSeeds": {
          "Seasons": [ "spring", "summer", "fall" ],
          "DaysInPhase": [ 1, 2, 3, 3 ], // grows in 9 days with four growing sprites
          "HarvestItemId": "ApryllForever.CPPolyamorySweet_AineFlower",
          "Texture": "Mods/ApryllForever.CPPolyamorySweet/AineFlowerCrop",
          "SpriteIndex": 0
        },
        "ApryllForever.CPPolyamorySweet_AphroditeFlowerSeeds": {
          "Seasons": [ "spring", "summer", "fall", "winter" ],
          "DaysInPhase": [ 1, 1, 2, 2 ], // grows in 6 days with four growing sprites
          "HarvestItemId": "ApryllForever.CPPolyamorySweet_AphroditeFlower",
          "Texture": "Mods/ApryllForever.CPPolyamorySweet/AphroditeFlowerCrop",
          "SpriteIndex": 0
        }
      }
    },
    {
      "Action": "EditData",
      "Target": "Data/Objects",
      "Entries": {
        "ApryllForever.CPPolyamorySweet_AineFlower": {
          "Name": "Áine Flower",
          "DisplayName": "Áine Flower",
          "Description": "Named for Áine, the Éire Goddess of Summer, Love, and Sexuality (pronounced Anya, or Awnya), the Áine Flower first blossomed around The Lake of Áine, in Éire. Give this to a spouse to declare them the primary caretake of the home. Or give it as a gift to anyone you love!",
          "Type": "Basic",
          "Category": -80,
          "Price": 313,
          "Edibility": -300,
          "IsDrink": false,
          "ExcludeFromShippingCollection": true,
          "ExcludeFromRandomSale": true,
          "Buff": {


          },
          "ContextTags": [ "color_green", "fairy_item" ],
          "Miscellaneous": null,
          "Texture": "Mods/ApryllForever.CPPolyamorySweet/AineFlower",
          "SpriteIndex": 0
        }

      }
    },


    {
      "Action": "EditData",
      "Target": "Data/Objects",
      "Entries": {
        "ApryllForever.CPPolyamorySweet_AphroditeFlower": {
          "Name": "Aphrodite Flower",
          "DisplayName": "Aphrodite Flower",
          "Description": "Named for Aphrodite, the ancient Goddess of Love, Sexuality, and War. Give the Aphrodite Flower to a loved one you want to make a baby with!",
          "Type": "Basic",
          "Category": -80,
          "Price": 137,
          "Edibility": -300,
          "IsDrink": false,
          "ExcludeFromShippingCollection": true,
          "ExcludeFromRandomSale": true,
          "Buff": {


          },
          "ContextTags": [ "color_green", "fairy_item", ],
          "Miscellaneous": null,
          "Texture": "Mods/ApryllForever.CPPolyamorySweet/AphroditeFlower",
          "SpriteIndex": 0
        }

      }
    },


    {
      "Action": "EditData",
      "Target": "Data/Objects",
      "Entries": {
        "ApryllForever.CPPolyamorySweet_LilithToken": {
          "Name": "Lilith Token",
          "DisplayName": "Lilith Token",
          "Description": "Lilith, the Mother of Unwanted Children, gladly will take from you the child you give this to. This can never be undone.",
          "Type": "Basic",
          "Category": -80,
          "Price": 137,
          "Edibility": -300,
          "IsDrink": false,
          "ExcludeFromShippingCollection": true,
          "ExcludeFromRandomSale": true,
          "Buff": {


          },
          "ContextTags": [ "color_grey", "fairy_item" ],
          "Miscellaneous": null,
          "Texture": "Mods/ApryllForever.CPPolyamorySweet/LilithToken",
          "SpriteIndex": 0
        }

      }
    },

    {

      "Action": "EditData",
      "Target": "Data/Objects",
      "Entries": {

        "ApryllForever.CPPolyamorySweet_AineFlowerSeeds": {
          "Name": "Áine Flower Seeds",
          "DisplayName": "Áine Flower Seeds",
          "Description": "Áine Flowers grown from spring to fall, though, their traditional blooming date coincides with the Flower Dance! Takes 9 days to grow.",
          "Type": "Seeds",
          "Category": -74,
          "Price": 40,
          "Edibility": -300,
          "IsDrink": false,
          "Buff": {
          },
          "ContextTags": [],
          "Miscellaneous": null,
          "Texture": "Mods/ApryllForever.CPPolyamorySweet/AineFlowerSeeds",
          "ExcludeFromShippingCollection": true,
          "SpriteIndex": 0
        },

        "ApryllForever.CPPolyamorySweet_AphroditeFlowerSeeds": {
          "Name": "Aphrodite Flower Seeds",
          "DisplayName": "Aphrodite Flower Seeds",
          "Description": "Aphrodite Flowers, like love, grow in any season! Takes 6 days to grow.",
          "Type": "Seeds",
          "Category": -74,
          "Price": 30,
          "Edibility": -300,
          "IsDrink": false,
          "Buff": {
          },
          "ContextTags": [],
          "Miscellaneous": null,
          "Texture": "Mods/ApryllForever.CPPolyamorySweet/AphroditeFlowerSeeds",
          "ExcludeFromShippingCollection": true,
          "SpriteIndex": 0
        },

        "ApryllForever.CPPolyamorySweet_AtagartisPendant": {
          "Name": "Atagartis Pendant",
          "DisplayName": "Atagartis Pendant",
          "Description": "Named for Atagartis, the Mermaid Goddess. Give this pendant to someone you want to marry!",
          "Type": "Basic",
          "Category": -80,
          "Price": 400,
          "Edibility": -300,
          "IsDrink": false,
          "Buff": {


          },
          "ContextTags": [ "color_bisexual", "mermaid_item" ],
          "Miscellaneous": null,
          "Texture": "Mods/ApryllForever.CPPolyamorySweet/AtagartisPendant",
          "ExcludeFromShippingCollection": true,
          "SpriteIndex": 0
        },
         "ApryllForever.CPPolyamorySweet_CeresPendant": {
          "Name": "Ceres Pendant",
          "DisplayName": "Farmer Pendant",
          "Description": "In the valley, when one farmer wants to marry another farmer, they give them a special mermaid pendant which bears the colors of the parsnip!",
          "Type": "Basic",
          "Category": -80,
          "Price": 400,
          "Edibility": -300,
          "IsDrink": false,
          "Buff": {


          },
          "ContextTags": [ "color_green", "mermaid_item" ],
          "Miscellaneous": null,
          "Texture": "Mods/ApryllForever.CPPolyamorySweet/CeresPendant",
          "ExcludeFromShippingCollection": true,
          "SpriteIndex": 0
        },
        "ApryllForever.CPPolyamorySweet_MermaidBouquet": {
          "Name": "Mermaid Bouquet",
          "DisplayName": "Mermaid Bouquet",
          "Description": "A bouquet of purple, pink, and blue flowers! Give these to someone you want to date!",
          "Type": "Basic",
          "Category": -80,
          "Price": 400,
          "Edibility": -300,
          "IsDrink": false,
          "Buff": {
          },
          "ContextTags": [ "color_bisexual", "mermaid_item" ],
          "Miscellaneous": null,
          "Texture": "Mods/ApryllForever.CPPolyamorySweet/MermaidBouquet",
          "ExcludeFromShippingCollection": true,
          "SpriteIndex": 0
        }
      }

    },

    {
      "Action": "EditData",
      "Target": "Data/Objects",
      "Entries": {
        "ApryllForever.CPPolyamorySweet_RoomieBGone": {
          "Name": "Roomie B Gone",
          "DisplayName": "Roomie B Gone",
          "Description": "Have a roommate you are tired of? This special candle will make them gone for good! Give it to them, and let the dark energies of this potent portent potray your parley!",
          "Type": "Basic",
          "Category": -80,
          "Price": 40,
          "Edibility": -300,
          "IsDrink": false,
          "Buff": {


          },
          "ContextTags": [ "color_green", "fairy_item" ],
          "Miscellaneous": null,
          "Texture": "Mods/ApryllForever.CPPolyamorySweet/RoomieBGone",
          "ExcludeFromShippingCollection": true,
          "SpriteIndex": 0
        }
      }
    },

    {
      "Action": "EditData",
      "Target": "Data/Shops",
      "TargetField": [ "SeedShop", "Items" ],
      "Entries": {
        "ApryllForever.CPPolyamorySweet_AineFlower": {
          "Id": "ApryllForever.CPPolyamorySweet_AineFlower",
          "ItemId": "ApryllForever.CPPolyamorySweet_AineFlower",
          "Price": 400
        }
      }
    },

    {
      "Action": "EditData",
      "Target": "Data/Shops",
      "TargetField": [ "SeedShop", "Items" ],
      "Entries": {
        "ApryllForever.CPPolyamorySweet_AineFlowerSeeds": {
          "Id": "ApryllForever.CPPolyamorySweet_AineFlowerSeeds",
          "ItemId": "ApryllForever.CPPolyamorySweet_AineFlowerSeeds",
          "Price": 80
        }
      }
    },

    {
      "Action": "EditData",
      "Target": "Data/Shops",
      "TargetField": [ "SeedShop", "Items" ],
      "Entries": {
        "ApryllForever.CPPolyamorySweet_AphroditeFlower": {
          "Id": "ApryllForever.CPPolyamorySweet_AphroditeFlower",
          "ItemId": "ApryllForever.CPPolyamorySweet_AphroditeFlower",
          "Price": 400
        }
      }
    },

    {
      "Action": "EditData",
      "Target": "Data/Shops",
      "TargetField": [ "SeedShop", "Items" ],
      "Entries": {
        "ApryllForever.CPPolyamorySweet_AphroditeFlowerSeeds": {
          "Id": "ApryllForever.CPPolyamorySweet_AphroditeFlowerSeeds",
          "ItemId": "ApryllForever.CPPolyamorySweet_AphroditeFlowerSeeds",
          "Price": 80
        }
      }
    },


    {
      "Action": "EditData",
      "Target": "Strings/StringsFromCSFiles",
      "Entries": {
        "AineFlower_reject": "I... really do not feel close enough to you to receive this...",
        "AineFlower_accept": "Awww thank you!!! You are very special to me too!",
        "AineFlower_spouse": "Awww thank you!!! I love you so much too! I am happy to help any way I can!$h",
        "AphroditeFlower_accept": "...!!!$6#$b#Of course! I would love to make a baby with you!$1",
        "AphroditeFlower_reject": "What?!?!?!? Surely you are crazy!",
        "AphroditeFlower_notVillager": "This is not an appropriate gift for this individual.",
        "AphroditeFlower_alreadyGiven": "You already gave an Aphrodite Flower to {0} today.",
        "LilithToken_accept": "This is so beautiful! I love this dark energy! Lilith's love makes me feel loved!$1",
        "LilithToken_reject": "Arrgh!!!!$5#$b#Do you hate me?$2",

        "NPC.cs.4434": "Nghh... what is it? I'm trying to sleep.$a",
        "NPC.cs.4435": "I just don't feel like getting up today.$s",
        "NPC.cs.4436": "*sigh*... I just want to stay in bed.$s",
        "NPC.cs.4437": "Nnnghh... what is it? Make your own breakfast.$a",
        "NPC.cs.4438": "...$a#$e#I had a bad dream, that's all.$s",
        "RoomieBGone": "What?!?!?$2#$b#I'll leave...",
        "NotRoomie": "I'm... not your roommate.#$b#Silly!$u",

        "PolyamorySweet.GaveBirthToday": "I am so excited to add our new little one to our life!$1",
        "WifeGreeting": "Hey my Love! It's nice to see you out and about!#$b#Seeing you always makes my day better!$6"

        

      }
    },

    // Minecarts, Jaqi!!!


    {
      "Action": "EditData",
      "Target": "Data/Minecarts",
      "TargetField": [ "Default", "Destinations" ],
      "Entries": {
        "Lantana": {

          "Id": "Lantana",
          "DisplayName": "Lantana Lagoon",
          "TargetLocation": "Custom_LantanaLagoon",
             "When": {

       "Lantana_Disable": false
      },
          "TargetTile": {
            "X": 15,
            "Y": 15
          },
          "TargetDirection": "down"
        }
      }
      // "When": {
      //   "HasFlag": "ccBoilerRoom, jojaBoilerRoom",
      //"query: {{DaysPlayed}} >= 32": true,
      //  "Lantana_Disable": false
      //}
    },


    {
      "Action": "EditData",
      "Target": "Data/Shops",
      "When": {
        "Lantana_Disable": false
      },
      "Entries": {
        "PolyamorySweet.LantanaLoveShop": {
          "Currency": 0,
          "StackSizeVisibility": null,
          "OpenSound": "pullItemFromWater",
          "PurchaseSound": "crystal",
          "PurchaseRepeatSound": "crystal",
          "PriceModifiers": null,
          "PriceModifierMode": "Stack",
          "Owners": [
            {
              "Condition": null,
              "Portrait": "MermaidLantana",
              "Dialogues": [
                {
                  "Id": "Default",
                  "Condition": null,
                  "Dialogue": null,
                  "RandomDialogue": [
                    "Hey Love! Care to peruse my fine wares?"
                  ]
                }
              ],
              "RandomizeDialogueOnOpen": true,
              "Id": "MermaidLantana",
              "Name": "MermaidLantana"
            }
          ],
          "VisualTheme": null,
          "SalableItemTags": [
            "category_building_resources",
            "category_sell_at_fish_shop",
            "category_sell_at_pierres"
          ],
          "Items": [
{
        "ActionsOnPurchase": null,
        "CustomFields": null,
        "TradeItemId": null,
        "TradeItemAmount": 1,
        "Price": 3000,
        "ApplyProfitMargins": null,
        "AvailableStock": 2,
        "AvailableStockLimit": "Player",
        "AvoidRepeat": false,
        "UseObjectDataPrice": false,
        "IgnoreShopPriceModifiers": false,
        "PriceModifiers": null,
        "PriceModifierMode": "Stack",
        "AvailableStockModifiers": null,
        "AvailableStockModifierMode": "Stack",
        "Condition": "PLAYER_HEARTS Current MermaidLantana 14",
        "Id": "(F)ApryllForever.LantanaPainting",
        "ItemId": "(F)ApryllForever.LantanaPainting",
        "RandomItemId": null,
        "MaxItems": null,
        "MinStack": -1,
        "MaxStack": -1,
        "Quality": -1,
        "ObjectInternalName": null,
        "ObjectDisplayName": null,
        "ObjectColor": null,
        "ToolUpgradeLevel": -1,
        "IsRecipe": false,
        "StackModifiers": null,
        "StackModifierMode": "Stack",
        "QualityModifiers": null,
        "QualityModifierMode": "Stack",
        "ModData": null,
        "PerItemCondition": null
      },
            {
              "TradeItemId": null,
              "TradeItemAmount": 1,
              "Price": 80,
              "ApplyDifficultyModifier": null,
              "AvailableStock": -1,
              "AvailableStockLimit": "Global",
              "AvoidRepeat": false,
              "IgnoreShopPriceModifiers": false,
              "PriceModifiers": null,
              "PriceModifierMode": "Stack",
              "AvailableStockModifiers": null,
              "AvailableStockModifierMode": "Stack",
              "Condition": null,
              "Id": "ApryllForever.CPPolyamorySweet_AineFlowerSeeds",
              "ItemId": "ApryllForever.CPPolyamorySweet_AineFlowerSeeds",
              "RandomItemId": null,
              "MinStack": -1,
              "MaxStack": -1,
              "Quality": -1,
              "ObjectInternalName": null,
              "ObjectDisplayName": null,
              "ToolUpgradeLevel": -1,
              "IsRecipe": false,
              "StackModifiers": null,
              "StackModifierMode": "Stack",
              "QualityModifiers": null,
              "QualityModifierMode": "Stack"
            },
            {
              "TradeItemId": null,
              "TradeItemAmount": 1,
              "Price": 70,
              "ApplyDifficultyModifier": null,
              "AvailableStock": -1,
              "AvailableStockLimit": "Global",
              "AvoidRepeat": false,
              "IgnoreShopPriceModifiers": false,
              "PriceModifiers": null,
              "PriceModifierMode": "Stack",
              "AvailableStockModifiers": null,
              "AvailableStockModifierMode": "Stack",
              "Condition": null,
              "Id": "ApryllForever.CPPolyamorySweet_AphroditeFlowerSeeds",
              "ItemId": "ApryllForever.CPPolyamorySweet_AphroditeFlowerSeeds",
              "RandomItemId": null,
              "MinStack": -1,
              "MaxStack": -1,
              "Quality": -1,
              "ObjectInternalName": null,
              "ObjectDisplayName": null,
              "ToolUpgradeLevel": -1,
              "IsRecipe": false,
              "StackModifiers": null,
              "StackModifierMode": "Stack",
              "QualityModifiers": null,
              "QualityModifierMode": "Stack"
            },
            {
              "TradeItemId": null,
              "TradeItemAmount": 1,
              "Price": 400,
              "ApplyDifficultyModifier": null,
              "AvailableStock": -1,
              "AvailableStockLimit": "Global",
              "AvoidRepeat": false,
              "IgnoreShopPriceModifiers": false,
              "PriceModifiers": null,
              "PriceModifierMode": "Stack",
              "AvailableStockModifiers": null,
              "AvailableStockModifierMode": "Stack",
              "Condition": null,
              "Id": "ApryllForever.CPPolyamorySweet_AineFlower",
              "ItemId": "ApryllForever.CPPolyamorySweet_AineFlower",
              "RandomItemId": null,
              "MinStack": -1,
              "MaxStack": -1,
              "Quality": -1,
              "ObjectInternalName": null,
              "ObjectDisplayName": null,
              "ToolUpgradeLevel": -1,
              "IsRecipe": false,
              "StackModifiers": null,
              "StackModifierMode": "Stack",
              "QualityModifiers": null,
              "QualityModifierMode": "Stack"
            },
            {
              "TradeItemId": null,
              "TradeItemAmount": 1,
              "Price": 300,
              "ApplyDifficultyModifier": null,
              "AvailableStock": -1,
              "AvailableStockLimit": "Global",
              "AvoidRepeat": false,
              "IgnoreShopPriceModifiers": false,
              "PriceModifiers": null,
              "PriceModifierMode": "Stack",
              "AvailableStockModifiers": null,
              "AvailableStockModifierMode": "Stack",
              "Condition": null,
              "Id": "ApryllForever.CPPolyamorySweet_AphroditeFlower",
              "ItemId": "ApryllForever.CPPolyamorySweet_AphroditeFlower",
              "RandomItemId": null,
              "MinStack": -1,
              "MaxStack": -1,
              "Quality": -1,
              "ObjectInternalName": null,
              "ObjectDisplayName": null,
              "ToolUpgradeLevel": -1,
              "IsRecipe": false,
              "StackModifiers": null,
              "StackModifierMode": "Stack",
              "QualityModifiers": null,
              "QualityModifierMode": "Stack"
            },
            {
              "TradeItemId": 74,
              "TradeItemAmount": 1,
              "Price": 50000,
              "ApplyDifficultyModifier": null,
              "AvailableStock": -1,
              "AvailableStockLimit": "Global",
              "AvoidRepeat": false,
              "IgnoreShopPriceModifiers": false,
              "PriceModifiers": null,
              "PriceModifierMode": "Stack",
              "AvailableStockModifiers": null,
              "AvailableStockModifierMode": "Stack",
              "Condition": null,
              "Id": "ApryllForever.CPPolyamorySweet_LilithToken",
              "ItemId": "ApryllForever.CPPolyamorySweet_LilithToken",
              "RandomItemId": null,
              "MinStack": -1,
              "MaxStack": -1,
              "Quality": -1,
              "ObjectInternalName": null,
              "ObjectDisplayName": null,
              "ToolUpgradeLevel": -1,
              "IsRecipe": false,
              "StackModifiers": null,
              "StackModifierMode": "Stack",
              "QualityModifiers": null,
              "QualityModifierMode": "Stack"
            },
            {
              "TradeItemId": null,
              "TradeItemAmount": 1,
              "Price": 200,
              "ApplyDifficultyModifier": null,
              "AvailableStock": -1,
              "AvailableStockLimit": "Global",
              "AvoidRepeat": false,
              "IgnoreShopPriceModifiers": false,
              "PriceModifiers": null,
              "PriceModifierMode": "Stack",
              "AvailableStockModifiers": null,
              "AvailableStockModifierMode": "Stack",
              "Condition": null,
              "Id": "ApryllForever.CPPolyamorySweet_MermaidBouquet",
              "ItemId": "ApryllForever.CPPolyamorySweet_MermaidBouquet",
              "RandomItemId": null,
              "MinStack": -1,
              "MaxStack": -1,
              "Quality": -1,
              "ObjectInternalName": null,
              "ObjectDisplayName": null,
              "ToolUpgradeLevel": -1,
              "IsRecipe": false,
              "StackModifiers": null,
              "StackModifierMode": "Stack",
              "QualityModifiers": null,
              "QualityModifierMode": "Stack"
            },
            {
              "TradeItemId": null,
              "TradeItemAmount": 1,
              "Price": 5000,
              "ApplyDifficultyModifier": null,
              "AvailableStock": 1,
              "AvailableStockLimit": "Global",
              "AvoidRepeat": false,
              "IgnoreShopPriceModifiers": false,
              "PriceModifiers": null,
              "PriceModifierMode": "Stack",
              "AvailableStockModifiers": null,
              "AvailableStockModifierMode": "Stack",
              "Condition": "WEATHER here Rain Snow Storm",
              "Id": "ApryllForever.CPPolyamorySweet_AtagartisPendant",
              "ItemId": "ApryllForever.CPPolyamorySweet_AtagartisPendant",
              "RandomItemId": null,
              "MinStack": -1,
              "MaxStack": -1,
              "Quality": -1,
              "ObjectInternalName": null,
              "ObjectDisplayName": null,
              "ToolUpgradeLevel": -1,
              "IsRecipe": false,
              "StackModifiers": null,
              "StackModifierMode": "Stack",
              "QualityModifiers": null,
              "QualityModifierMode": "Stack"
            },

            {
              "TradeItemId": null,
              "TradeItemAmount": 1,
              "Price": 16061,
              "ApplyDifficultyModifier": null,
              "AvailableStock": 1,
              "AvailableStockLimit": "Global",
              "AvoidRepeat": false,
              "IgnoreShopPriceModifiers": false,
              "PriceModifiers": null,
              "PriceModifierMode": "Stack",
              "AvailableStockModifiers": null,
              "AvailableStockModifierMode": "Stack",
              "Condition": "WEATHER here Sun Wind Festival",
              "Id": "ApryllForever.CPPolyamorySweet_AtagartisPendantSunny",
              "ItemId": "ApryllForever.CPPolyamorySweet_AtagartisPendant",
              "RandomItemId": null,
              "MinStack": -1,
              "MaxStack": -1,
              "Quality": -1,
              "ObjectInternalName": null,
              "ObjectDisplayName": null,
              "ToolUpgradeLevel": -1,
              "IsRecipe": false,
              "StackModifiers": null,
              "StackModifierMode": "Stack",
              "QualityModifiers": null,
              "QualityModifierMode": "Stack"
            },
            {
              "TradeItemId": null,
              "TradeItemAmount": 1,
              "Price": 20000,
              "ApplyDifficultyModifier": null,
              "AvailableStock": 1,
              "AvailableStockLimit": "Global",
              "AvoidRepeat": false,
              "IgnoreShopPriceModifiers": false,
              "PriceModifiers": null,
              "PriceModifierMode": "Stack",
              "AvailableStockModifiers": null,
              "AvailableStockModifierMode": "Stack",
              "Condition": null,
              "Id": "ApryllForever.CPPolyamorySweet_RoomieBGone",
              "ItemId": "ApryllForever.CPPolyamorySweet_RoomieBGone",
              "RandomItemId": null,
              "MinStack": -1,
              "MaxStack": -1,
              "Quality": -1,
              "ObjectInternalName": null,
              "ObjectDisplayName": null,
              "ToolUpgradeLevel": -1,
              "IsRecipe": false,
              "StackModifiers": null,
              "StackModifierMode": "Stack",
              "QualityModifiers": null,
              "QualityModifierMode": "Stack"
            }

          ],
          "CustomFields": {}
        }

      }
    },


    //Location


    {
      "Action": "EditData",
      "Target": "Data/Locations",
      "When": {
        "Lantana_Disable": false
      },
      "Entries": {
        "Custom_LantanaLagoon": {


          "DefaultArrivalTile": {
            "X": 15,
            "Y": 15
          },
          "ExcludeFromNpcPathfinding": false,

          "ArtifactSpots": [
            {
              "Chance": 0.2,
              "ApplyGenerousEnchantment": true,
              "OneDebrisPerDrop": true,
              "Precedence": -1000,
              "ContinueOnDrop": false,
              //"Condition": "",
              "Id": "(O)710",
              "ItemId": "(O)710", //Crab
              "RandomItemId": null,
              "MinStack": -1,
              "MaxStack": -1,
              "Quality": -1,
              "ObjectInternalName": null,
              "ObjectDisplayName": null,
              "ToolUpgradeLevel": -1,
              "IsRecipe": false,
              "StackModifiers": null,
              "StackModifierMode": "Stack",
              "QualityModifiers": null,
              "QualityModifierMode": "Stack"
            },
            {
              "Chance": 0.25,
              "ApplyGenerousEnchantment": true,
              "OneDebrisPerDrop": true,
              "Precedence": -1000,
              "ContinueOnDrop": false,
              //"Condition": "",
              "Id": "(O)716",
              "ItemId": "(O)716", //Crayfish
              "RandomItemId": null,
              "MinStack": -1,
              "MaxStack": -1,
              "Quality": -1,
              "ObjectInternalName": null,
              "ObjectDisplayName": null,
              "ToolUpgradeLevel": -1,
              "IsRecipe": false,
              "StackModifiers": null,
              "StackModifierMode": "Stack",
              "QualityModifiers": null,
              "QualityModifierMode": "Stack"
            },
            {
              "Chance": 0.05,
              "ApplyGenerousEnchantment": true,
              "OneDebrisPerDrop": true,
              "Precedence": -1000,
              "ContinueOnDrop": false,
              "Condition": null,
              "Id": "(O)797",
              "ItemId": "(O)797", //Pearl
              "RandomItemId": null,
              "MinStack": 1,
              "MaxStack": 3,
              "Quality": -1,
              "ObjectInternalName": null,
              "ObjectDisplayName": null,
              "ToolUpgradeLevel": -1,
              "IsRecipe": false,
              "StackModifiers": null,
              "StackModifierMode": "Stack",
              "QualityModifiers": null,
              "QualityModifierMode": "Stack"
            },
            {
              "Chance": 0.2,
              "ApplyGenerousEnchantment": true,
              "OneDebrisPerDrop": true,
              "Precedence": 0,
              "ContinueOnDrop": false,
              "Condition": null,
              "Id": "(O)292",
              "ItemId": "(O)292", //Mahogany Seed
              "RandomItemId": null,
              "MinStack": 1,
              "MaxStack": 3,
              "Quality": -1,
              "ObjectInternalName": null,
              "ObjectDisplayName": null,
              "ToolUpgradeLevel": -1,
              "IsRecipe": false,
              "StackModifiers": null,
              "StackModifierMode": "Stack",
              "QualityModifiers": null,
              "QualityModifierMode": "Stack"
            },
            {
              "Chance": 0.5,
              "ApplyGenerousEnchantment": true,
              "OneDebrisPerDrop": true,
              "Precedence": 0,
              "ContinueOnDrop": false,
              "Condition": null,
              "Id": "(O)393",
              "ItemId": "(O)393", //Coral
              "RandomItemId": null,
              "MinStack": 1,
              "MaxStack": 3,
              "Quality": -1,
              "ObjectInternalName": null,
              "ObjectDisplayName": null,
              "ToolUpgradeLevel": -1,
              "IsRecipe": false,
              "StackModifiers": null,
              "StackModifierMode": "Stack",
              "QualityModifiers": null,
              "QualityModifierMode": "Stack"
            },
            {
              "Chance": 1.0,
              "ApplyGenerousEnchantment": true,
              "OneDebrisPerDrop": true,
              "Precedence": 0,
              "ContinueOnDrop": false,
              "Condition": null,
              "Id": "(O)749",
              "ItemId": "(O)749", // Omni Geode
              "RandomItemId": null,
              "MinStack": 1,
              "MaxStack": 3,
              "Quality": -1,
              "ObjectInternalName": null,
              "ObjectDisplayName": null,
              "ToolUpgradeLevel": -1,
              "IsRecipe": false,
              "StackModifiers": null,
              "StackModifierMode": "Stack",
              "QualityModifiers": null,
              "QualityModifierMode": "Stack"
            }
          ],
          "FishAreas": {
            "Freshwater": {
              "DisplayName": null,
              "Position": {
                "X": 24,
                "Y": 0,
                "Width": 255,
                "Height": 100
              },
              "CrabPotFishTypes": [],
              "CrabPotJunkChance": 0.2
            }

          },
          "Fish": [

            {
              "Chance": 1.0,
              "Season": null,
              "FishAreaId": "Freshwater",
              "BobberPosition": null,
              "PlayerPosition": null,
              "MinFishingLevel": 0,
              "MinDistanceFromShore": 0,
              "MaxDistanceFromShore": -1,
              "ApplyDailyLuck": false,
              "CuriosityLureBuff": -1.0,
              "CatchLimit": -1,
              "IsBossFish": false,
              "SetFlagOnCatch": null,
              "RequireMagicBait": false,
              "Precedence": 0,
              "IgnoreFishDataRequirements": false,
              "CanBeInherited": true,
              "ChanceModifiers": null,
              "ChanceModifierMode": "Stack",
              "Condition": null,
              "Id": "(O)701",
              "ItemId": "(O)701", //Tilapia
              "RandomItemId": null,
              "MinStack": -1,
              "MaxStack": -1,
              "Quality": -1,
              "ObjectInternalName": null,
              "ObjectDisplayName": null,
              "ToolUpgradeLevel": -1,
              "IsRecipe": false,
              "StackModifiers": null,
              "StackModifierMode": "Stack",
              "QualityModifiers": null,
              "QualityModifierMode": "Stack"
            },
            {
              "Chance": 1.0,
              "Season": null,
              "FishAreaId": "Freshwater",
              "BobberPosition": null,
              "PlayerPosition": null,
              "MinFishingLevel": 0,
              "MinDistanceFromShore": 0,
              "MaxDistanceFromShore": -1,
              "ApplyDailyLuck": false,
              "CuriosityLureBuff": -1.0,
              "CatchLimit": -1,
              "IsBossFish": false,
              "SetFlagOnCatch": null,
              "RequireMagicBait": false,
              "Precedence": 0,
              "IgnoreFishDataRequirements": false,
              "CanBeInherited": true,
              "ChanceModifiers": null,
              "ChanceModifierMode": "Stack",
              "Condition": null,
              "Id": "(O)145",
              "ItemId": "(O)145", //Sunfish
              "RandomItemId": null,
              "MinStack": -1,
              "MaxStack": -1,
              "Quality": -1,
              "ObjectInternalName": null,
              "ObjectDisplayName": null,
              "ToolUpgradeLevel": -1,
              "IsRecipe": false,
              "StackModifiers": null,
              "StackModifierMode": "Stack",
              "QualityModifiers": null,
              "QualityModifierMode": "Stack"
            },
            {
              "Chance": 1.0,
              "Season": null,
              "FishAreaId": "Freshwater",
              "BobberPosition": null,
              "PlayerPosition": null,
              "MinFishingLevel": 0,
              "MinDistanceFromShore": 0,
              "MaxDistanceFromShore": -1,
              "ApplyDailyLuck": false,
              "CuriosityLureBuff": -1.0,
              "CatchLimit": -1,
              "IsBossFish": false,
              "SetFlagOnCatch": null,
              "RequireMagicBait": false,
              "Precedence": 0,
              "IgnoreFishDataRequirements": false,
              "CanBeInherited": true,
              "ChanceModifiers": null,
              "ChanceModifierMode": "Stack",
              "Condition": null,
              "Id": "(O)136",
              "ItemId": "(O)136", // Lg Bass
              "RandomItemId": null,
              "MinStack": -1,
              "MaxStack": -1,
              "Quality": -1,
              "ObjectInternalName": null,
              "ObjectDisplayName": null,
              "ToolUpgradeLevel": -1,
              "IsRecipe": false,
              "StackModifiers": null,
              "StackModifierMode": "Stack",
              "QualityModifiers": null,
              "QualityModifierMode": "Stack"
            },
            {
              "Chance": 1.0,
              "Season": null,
              "FishAreaId": "Freshwater",
              "BobberPosition": null,
              "PlayerPosition": null,
              "MinFishingLevel": 0,
              "MinDistanceFromShore": 0,
              "MaxDistanceFromShore": -1,
              "ApplyDailyLuck": false,
              "CuriosityLureBuff": -1.0,
              "CatchLimit": -1,
              "IsBossFish": false,
              "SetFlagOnCatch": null,
              "RequireMagicBait": false,
              "Precedence": 0,
              "IgnoreFishDataRequirements": false,
              "CanBeInherited": true,
              "ChanceModifiers": null,
              "ChanceModifierMode": "Stack",
              "Condition": null,
              "Id": "(O)137",
              "ItemId": "(O)137", // Sm Bass
              "RandomItemId": null,
              "MinStack": -1,
              "MaxStack": -1,
              "Quality": -1,
              "ObjectInternalName": null,
              "ObjectDisplayName": null,
              "ToolUpgradeLevel": -1,
              "IsRecipe": false,
              "StackModifiers": null,
              "StackModifierMode": "Stack",
              "QualityModifiers": null,
              "QualityModifierMode": "Stack"
            },
            {
              "Chance": 1.0,
              "Season": null,
              "FishAreaId": "Freshwater",
              "BobberPosition": null,
              "PlayerPosition": null,
              "MinFishingLevel": 0,
              "MinDistanceFromShore": 0,
              "MaxDistanceFromShore": -1,
              "ApplyDailyLuck": false,
              "CuriosityLureBuff": -1.0,
              "CatchLimit": -1,
              "IsBossFish": false,
              "SetFlagOnCatch": null,
              "RequireMagicBait": false,
              "Precedence": 0,
              "IgnoreFishDataRequirements": false,
              "CanBeInherited": true,
              "ChanceModifiers": null,
              "ChanceModifierMode": "Stack",
              "Condition": null,
              "Id": "(O)700", //BullHead
              "ItemId": "(O)700",
              "RandomItemId": null,
              "MinStack": -1,
              "MaxStack": -1,
              "Quality": -1,
              "ObjectInternalName": null,
              "ObjectDisplayName": null,
              "ToolUpgradeLevel": -1,
              "IsRecipe": false,
              "StackModifiers": null,
              "StackModifierMode": "Stack",
              "QualityModifiers": null,
              "QualityModifierMode": "Stack"
            }
          ],
          "Forage": [
            {
              "Chance": 0.9,
              "Season": "spring",
              "Condition": null,
              "Id": "(O)259",
              "ItemId": "(O)259", //Fern
              "RandomItemId": null,
              "MinStack": -1,
              "MaxStack": -1,
              "Quality": -1,
              "ObjectInternalName": null,
              "ObjectDisplayName": null,
              "ToolUpgradeLevel": -1,
              "IsRecipe": false,
              "StackModifiers": null,
              "StackModifierMode": "Stack",
              "QualityModifiers": null,
              "QualityModifierMode": "Stack"
            },
            {
              "Chance": 0.7,
              "Season": "spring",
              "Condition": null,
              "Id": "(O)372",
              "ItemId": "(O)372", //Clam
              "RandomItemId": null,
              "MinStack": -1,
              "MaxStack": -1,
              "Quality": -1,
              "ObjectInternalName": null,
              "ObjectDisplayName": null,
              "ToolUpgradeLevel": -1,
              "IsRecipe": false,
              "StackModifiers": null,
              "StackModifierMode": "Stack",
              "QualityModifiers": null,
              "QualityModifierMode": "Stack"
            },
            {
              "Chance": 0.7,
              "Season": "summer",
              "Condition": null,
              "Id": "(O)372",
              "ItemId": "(O)372", //Clam
              "RandomItemId": null,
              "MinStack": -1,
              "MaxStack": -1,
              "Quality": -1,
              "ObjectInternalName": null,
              "ObjectDisplayName": null,
              "ToolUpgradeLevel": -1,
              "IsRecipe": false,
              "StackModifiers": null,
              "StackModifierMode": "Stack",
              "QualityModifiers": null,
              "QualityModifierMode": "Stack"
            },
            {
              "Chance": 0.2,
              "Season": "summer",
              "Condition": null,
              "Id": "(O)394",
              "ItemId": "(O)394", //Rainbow Shell
              "RandomItemId": null,
              "MinStack": -1,
              "MaxStack": -1,
              "Quality": -1,
              "ObjectInternalName": null,
              "ObjectDisplayName": null,
              "ToolUpgradeLevel": -1,
              "IsRecipe": false,
              "StackModifiers": null,
              "StackModifierMode": "Stack",
              "QualityModifiers": null,
              "QualityModifierMode": "Stack"
            },

            {
              "Chance": 0.2,
              "Season": "winter",
              "Condition": null,
              "Id": "(O)394",
              "ItemId": "(O)394", //Rainbow Shell
              "RandomItemId": null,
              "MinStack": -1,
              "MaxStack": -1,
              "Quality": -1,
              "ObjectInternalName": null,
              "ObjectDisplayName": null,
              "ToolUpgradeLevel": -1,
              "IsRecipe": false,
              "StackModifiers": null,
              "StackModifierMode": "Stack",
              "QualityModifiers": null,
              "QualityModifierMode": "Stack"
            },
            {
              "Chance": 0.9,
              "Season": "summer",
              "Condition": null,
              "Id": "(O)396",
              "ItemId": "(O)396", //SpiceBerry
              "RandomItemId": null,
              "MinStack": -1,
              "MaxStack": -1,
              "Quality": -1,
              "ObjectInternalName": null,
              "ObjectDisplayName": null,
              "ToolUpgradeLevel": -1,
              "IsRecipe": false,
              "StackModifiers": null,
              "StackModifierMode": "Stack",
              "QualityModifiers": null,
              "QualityModifierMode": "Stack"
            },
            {
              "Chance": 0.9,
              "Season": "fall",
              "Condition": null,
              "Id": "(O)259",
              "ItemId": "(O)259", //Fern
              "RandomItemId": null,
              "MinStack": -1,
              "MaxStack": -1,
              "Quality": -1,
              "ObjectInternalName": null,
              "ObjectDisplayName": null,
              "ToolUpgradeLevel": -1,
              "IsRecipe": false,
              "StackModifiers": null,
              "StackModifierMode": "Stack",
              "QualityModifiers": null,
              "QualityModifierMode": "Stack"
            }
          ],
          "MinDailyWeeds": 0,
          "MaxDailyWeeds": 1,
          "FirstDayWeedMultiplier": 1,
          "MinDailyForageSpawn": 3,
          "MaxDailyForageSpawn": 7,
          "MaxSpawnedForageAtOnce": 7,
          "ChanceForClay": 0.25,
          "Music": [],
          "MusicDefault": null,
          "MusicContext": "Default",
          "MusicIgnoredInRain": false,
          "MusicIgnoredInSpring": false,
          "MusicIgnoredInSummer": false,
          "MusicIgnoredInFall": false,
          "MusicIgnoredInFallDebris": false,
          "MusicIgnoredInWinter": false,
          "MusicIsTownTheme": false,
          "CustomFields": {}
        }
      }
    },



    //Lantana


    {
      "Action": "EditData",
      "Target": "Data/Characters",
      "When": {
        "Lantana_Disable": false
      },
      "Entries": {
        "MermaidLantana": {
          "DisplayName": "Lantana",
          "BirthSeason": "Summer",
          "BirthDay": 2,
          "HomeRegion": "Other",
          "Gender": "Female",
          "Age": "Teen",
          "Manner": "Rude",
          "SocialAnxiety": "Outgoing",
          "Optimism": "Negative",

          "CanBeRomanced": false,
          "LoveInterest": "Oksana",
          "CanVisitIslandCondition": false,
          "IntroductionsQuest": false,
          "PerfectionScore": false,
          "WinterStarParticipant": false,

          "FriendsAndFamily": {
          },
          "Home": [
            {
              "Id": "Default",
              "Location": "Custom_LantanaLagoon",
              "Tile": {
                "X": 20,
                "Y": 7
              },
              "Direction": "Down"
            }
          ]
        }
      }
    },

    {
      "Action": "Load",
      "Target": "Data/Events/Custom_LantanaLagoon",
      "FromFile": "assets/Blank.json"
    },
      {
      "Action": "Load",
      "Target": "Data/Events/Custom_LantanaTemple",
      "FromFile": "assets/Blank.json"
    },

    {
      "LogName": "Lantana Gift Tastes",
      "Action": "EditData",
      "Priority": "Default",
      "Target": "Data/NPCGiftTastes",
      "When": {
        "Lantana_Disable": false
      },
      "Entries": {
        "MermaidLantana": "This is wonderful!!! Here's a kiss, sweetie!!! *MWAH*/66 234 238 239 241 394 421 577 578 595 612 611 716/Thank you, love!!!/-79 -80 -26 -12 -2 88/I don't like this. Who would?//This is seriously terrible!!! Consider therapy!!!/-81 -75 -27 -6 -5 -4 815 814 812 807 209 214 198/Well... thanks!/-20 -7/"
      }
    },
    {
      "LogName": "Lantana Sprite",
      "Action": "Load",
      "Priority": "Low",
      "Target": "Characters/MermaidLantana",
      "When": {
        "Lantana_Disable": false
      },
      "FromFile": "{{LantanaSprite}}"
    },

    {
      "LogName": "Lantana Portrait",
      "Action": "Load",
      "Priority": "Low",
      "Target": "Portraits/MermaidLantana",
      "When": {
        "Lantana_Disable": false
      },
      "FromFile": "assets/Lantana/portrait.png"
    },
    {
      "LogName": "Lantana Schedule",
      "Action": "Load",
      "Priority": "Low",
      "Target": "Characters/schedules/MermaidLantana",
      "When": {
        "Lantana_Disable": false
      },
      "FromFile": "assets/Lantana/schedule.json"
    },
    {
      "LogName": "Lantana Dialogue",
      "Action": "Load",
      "Priority": "Low",
      "Target": "Characters/Dialogue/MermaidLantana",
      "When": {
        "Lantana_Disable": false
      },
      "FromFile": "assets/Lantana/Dialogue.json"
    },

    {
      "LogName": "Lantana Schedule Dialogue",
      "Action": "Load",
      "Priority": "Low",
      "Target": "Strings/schedules/MermaidLantana",
      "When": {
        "Lantana_Disable": false
      },
      "FromFile": "assets/Lantana/scheduleDialogue.json"
    },

    {
      "Action": "EditData",
      "Target": "Data/Weddings",
      "When": {
        "Lantana_Disable": false
      },
      "TargetField": [ "Attendees" ],
      "Entries": {
        "MermaidLantana": {
          "Id": "MermaidLantana",
          "Condition": null,
          "Setup": "{{LantanaWeddingLocation}}",
          "Celebration": null,
          "IgnoreUnlockConditions": false
        }
      }
    },




    {
      "Action": "EditData",
      "When": {
        "Lantana_Disable": false
      },
      "Target": "Data/Events/Farm",
      "Entries": {
        "PolyamorySweetLantanaFarm/n ccBoilerRoom": "jaunty/-500 -500/farmer 64 16 2 MermaidLantana 64 18 0/skippable/viewport 64 17 true/pause 800/speak MermaidLantana \"Hey there, @! I'm Mermaid Lantana! I love your farm!$1#$b#So, you are probably wondering why a mermaid washed up on your doorstep!\"/pause 300/emote farmer 8/pause 900/speak MermaidLantana \"I just wanted to let you know, that since the minecarts are up and running, that you can now come to my little store at Lantana Lagoon, via the minecarts!\"/pause 600/jump farmer/pause 1100/speak MermaidLantana \"If you want to date someone, give them a Mermaid Bouqet! You can date every available consenting person in town, if you please!$1#$b#If you want to marry someone, you have to be dating them, and 10 out of 10 hearts relationship! You may then give them an Atagartis Pendant!\"/pause 400/emote MermaidLantana 20/pause 500/speak MermaidLantana \"Listen close, this part is important: you can only be engaged to one person at a time!$1#$b#Also, if you have a stubborn Roommate who will not leave, you can always give them the Roomie B Gone candle, Guaranteed to Work in 24 Hours or Less!#$b#That candle will not work for anyone you are married to though. They will think you are confused! You have to divorce them.#$b#Lovely talking with you! Have a great day, dear!^Lovely talking with you! Have a beautiful day, cutie!\"/pause 300/emote farmer 20/emote MermaidLantana 20/pause 1200/end"
      }
    },

    {
      "Action": "EditData",
      "When": {
      "Relationship:Abigail": "Married"
          },
      "Target": "Characters/Dialogue/Abigail",
      "Entries": {

        "summer_Wed2": "I love that I live in the old farmhouse with you.#$b#The creak of a floorboard, the slow plumes of dust whispering through the rafters... There is so much scope for imagination here!$1",
        "summer_Tue4": "You're an interesting ${guy^lady}$, @. I'm so glad to have married you!$h",
        "summer_Sat6": "Summer might be hot, but...$h#$b#At least it means Autumn is the next season!$1",
        "summer_Mon8": "Pelican Town is so much better with you here!$h#$b#And here is a little something for you, to say I love you![226]",
        "summer_Thu10": "Wow, you look nice today.#$b#Glad I got you using a facial cleansing and moisturizing routine!$l^One of the benefits of being married to a woman is I get to steal your make-up!$1",
        "summer_Fri10": "I am so glad to keeping you from getting lonely on the ole farm!$1",

        "Wed2": "Oh, hi @. Taking a break from your work?#$b#Me too. Just pondering what I might do with the college degree I got online...#$b#Maybe I could get a work from home job if money ever got too tight?",
        "Tue4": "It's fun to run into you out and about!$h#$e#How is your day going? I hope you are having a nice time!$1",
        "Sat6": "You know, since you first rescued me from the bats in the cave, I have had some pretty crazy adventures down there!$l#$b#Don't worry, nothing too crazy! I stay super careful because I love you!",
        "Mon8": "Here! Let me read your palm!$h#$b#I see a vacation in your future, with your lovely purple-haired wife by your side!$1",
        "Thu10": "Hi.$l#$e#Do you feel like everything seems unreal lately?$l#$b#Not in a bad way, though.$h",
        "Fri6": "The birds were happily chirping today. Seeing them together makes me remember how happy I am to be with you!#$b#And here is a little something for you, to say I love you![226]",


        "winter_Fri10": "@, there's something I want to tell you...#$b#You are so lovely, and I am so lucky to be married to you!#$b#That's all!$1^I am so happy I finally accepted my true self, a sapphic, and married the prettiest girl in the world!$6",
        "winter_Sat6": "I've been daydreaming a lot lately...#$b#Oh! about you, of course!$h^About you, my lovely wife, and your sweet kisses!$1",
        "winter_Thu10": "Another year is almost over...#$b#So happy I will spend next year with you!$h",
        "winter_Wed6": "It must be nice not having crops to worry about this time of year.#$e#And that means you can hang out with me more often!$h#$b#And here is a little something for you, to say I love you![226]",

        "fall_Wed2": "Are we growing pumpkins on this year? Please let me have one!$h#$b#And here is a little something for you, to say I love you![226]",
        "fall_Tue4": "It's nice to be living with you!#$b#Don't get me wrong, I love my parents, but they never seemed to fully grasp that I was an adult until I married you!$2",
        "fall_Sat6": "Your hair looks cool today... did you do something different?^Your hair looks so beautiful! You are gorgeous, my love!$1",
        "fall_Mon8": "I never would have thought I would become a farmer's wife...#$b#But you know? It's amazing? *chuckle*$l^But you know? It is so amazing to be your wife! And so amazing that you are my wife!$6",
        "fall_Thu10": "I had an interesting dream last night, with you in it.#$b#It was a good dream.$h",
        "fall_Fri10": "I wish the season lasted a little longer.$8#$b#When the wind really picks up, I feel like a kid again!$1",

        "spring_23": "Well, tomorrow is the flower dance. I still hate that stupid white dress...$s",
        "summer_27": "We can't miss tomorrow's festival. It's one of the most beautiful wonders of the valley.#$b#And seeing it with you is even more wondrous!",
      }
    },

    {
      "Action": "EditData",
      "When": {
      "Relationship:Leah": "Married"
          },
      "Target": "Characters/Dialogue/Leah",
      "Entries": {
        "spring_Tue4": "Watching the world awaken from winter slumber to green life is the most invigorating tonic for the soul!",
        "spring_Wed8": "Spring breezes are the freshest scent!#$b#Maybe I could make a perfume like this one day!$l^Maybe we could make and wear a perfume like this, my love!$l",
        "spring_Thu6": "Foraging is a specialty of mine. Here is a fresh salad![196 609 610]$h",
        "spring_Fri6": "Sometimes, a strange feeling comes over me. My head becomes totally empty... and I feel completely at peace, even blissful.#$b#Hey, now! It has nothing to do with drinking wine!$h",
        "spring_Sat8": "Farming is so fun. I always had wanted to try it. Now I am living the dream!$l",
        "spring_Sun8": "If you ever find any interesting looking driftwood, I could use it.#$e#It would be special that you gave it to me.",

        "summer_Mon2": "I found some wild fruits this morning!#$b#Sorry, I ate them all!$1",
        "summer_Thu4": "The sounds and smells of the farm are great, aren't they?#$b#I am so lucky to live here with you!^I am so happy to have you as my wife and live on our farm together!$1",
        "summer_Tue4": "The simple things in life are best: a soft summer breeze, majestic clouds, a goblet full of Stardew Valley red!$h^The simple things in life are best: a soft summer breeze, majestic clouds, goblet full of Stardew Valley red, and being a lesbian in love with you!$h",
        "summer_Fri4": "I love to walk out into the forest... Pause... And simply enjoy the beauty of nature?#$b#It's easy to forget how incredible this world actually is...",
        "summer_Sat4": "The flowing water keeps our house a little bit cooler in summer.#$b#I can't tolerate heat very well, so glad for that blessing!",
        "summer_Sun4": "What should I do on such a warm, lazy day? *sigh*#$b#Any ideas?#$b#And here is a little something for you, to say I love you![205]",
        "fall_Mon2": "I love how many mushrooms there are here in the Valley!#$b#And I love it when you give me them!$1",
        "fall_Tue4": "I love the Autumn pallette... the warm reds, the yellows and oranges..",
        "fall_Wed2": "It's so nice to live by the river.#$b#I fall asleep next you, lulled to sleep by the soothing sound of water every night...$6",
        "fall_Thu6": "One of these days I'll have to make you a wild mushroom stir-fry.$h",
        "fall_Fri6": "I love cooking for you.$h#$b#Here is something special I made for you earlier today! [606]",
        "fall_Sat4": "Decorations accentuate the feeling of the season. I think it's a worthwhile tradition.",
        "fall_Sun4": "One thing I love about this place is that there are beautiful waterfalls.#$b#And you!^And my sweet wife!$1",
        "winter_Mon4": "I love the way everything looks when it's covered with fresh snow.",
        "winter_Tue4": "It gets pretty cold here sometimes...$s#$b#I just love snuggling up to you, though!$h",
        "winter_Wed4": "I saw a snow rabbit early this morning! They're rare, aren't they?",
        "winter_Thu6": "*Sigh*... It's hard to get fresh food in the winter.#$e#I bet your farm is pretty well stocked with food, huh?",
        "winter_Fri6": "Do you ever get cold in running around?#$b#Come inside if you want to huddle under one of my quilts and drink cider.$h",
        "winter_Sat2": "Hello, @. It's fun to see you out and about!",
        "winter_Sun4": "You should take a whole day off, now and then.#$b#Not only is it good for the soul, but in the long run, you'll actually be more productive!"
      }
    },





    {
      "Action": "EditData",
      "When": {
      "Relationship:Haley": "Married"
          },
      "Target": "Characters/Dialogue/Haley",
      "Entries": {

    
  "spring_Wed8": "There used to be only two things I liked about this town.#$b#One of them is the beach. The other one is you! *giggle*$h#$b#But now, I have really learned to love the nature here!$1",
  "spring_Tue2": "I wonder if any nice shells washed up on the beach this morning?#$e#This isn't the best time of year for shells, though.",
  "spring_Mon6": "I used to complain about this town being so small, but I've grown to like it.#$b#If it was much bigger it wouldn't feel like a community.#$b#We can raise our kids here with deep roots to nature and community!",
  "spring_Thu6": "I cooked dinner last night. It actually turned out okay!#$e#But I did make a huge mess in the kitchen...",
  "spring_Sun6": "I love looking over the beach! This place is lovely!",
  "spring_Sat8": "I'm glad that the flowers are starting to bloom.#$b#Those pink ones smell so good.$h",
  "spring_Fri10": "@, can we go on a camping trip someday?#$b#The most exotic place I've been is Zuzu city.",

  "summer_Wed8": "It's so hot today!#$b#Could you please give me some ice cream., my love?$8",
  "summer_Thu6": "Sometimes you stay in the sun a lot... But I don't want you to get sunburnt, my love!#$b#I just want you to be healthy!$1",
  "summer_Mon6": "I have been reading some books lately...#$b#I have been learning about how important it is to take care of our local habitat!",
  "summer_Sun6": "Nothing beats summer sunsets and chilling in the cool of the evening!",
  "summer_Sat6": "It seems like a good day to go swimming.",
  "summer_Tue8": "I love living in the country now.#$b#I see things much differently than I used to! I am so glad I get to live in the same place as my sister, too!$h",
  "summer_Fri8": "Oh, hi @!#$e#Do you like my look?$l",

  "fall_Fri4": "You look like you've been doing a lot of hard work.#$b#Why don't you take the rest of the day off?",
  "fall_Wed4": "If you're ever bored, come spend time with me!$l",
  "fall_Thu6": "I have definitely grown a lot since getting to know you.#$b#I am so lucky you like me!^I am so lucky you are sapphic too, like me!#$b#I love that we are together!^I love so much that you are my wife!$l",
   "fall_Sun6": "I love taking pictures in the forest!.#$b#All thanks to you, for helping me grow past my self-imposed limits!$h#$b#I love being with you!$l",
  "fall_Tue8": "I love the smell of leaves!#$b#I am learning an all new appreciation for Autumn!$h",
  "fall_Mon10": "@, I'm happy to see you today.$h#$b#You make me happier than a sunflower!$l",
  "fall_Sat6": "I just danced in a pile of leaves!#$b#It was so fun!$1",

  "winter_Tue4": "Hi @.#$b#Have you ever noticed how sometimes weird things happen on the farm?#$b#Like, I know I saw a Sasquatch smelling a flower last night!#$b#It was so cute!$9",
  "winter_Wed6": "I love living on the farm!#$b#I still like cute clothes and fashion, too. Just because we are farmers doesn't mean we can't be fabulous!$h",
  "winter_Thu6": "The winter sunset is such a lovely pallette.$h#$b#Such a romantic time of year...#$b#...what?$l",
  "winter_Mon8": "I wish it were warmer here in Stardew Valley.#$b#We could move somewhere else, but... I love this farm!",
  "winter_Fri8": "Do you think we will ever have ",
  "winter_Sat8": "I'm glad you have less work to do in the winter.#$b#It's nice to spend more time with you!",
  "winter_Sun10": "@, you look rugged today. I like it.^@, you look pretty today. I love it!$l#$e#...$h"


  }
},
    // {
    //"Action": "EditData",
    //"Target": "Strings/StringsFromCSFiles",
    //"Entries": {
    // "FlowerDanceFemaleAccept": "You want to be my partner for the flower dance?#$b#Okay! I'd love to dance with you! <$h",
    // "FlowerDanceMaleAccept": "You want to be my partner for the flower dance?#$b#Okay! I'd love to dance with you! <$h"
    //}
    //}

      {
      "Action": "EditData",
      "Target": "Strings/UI",
      "Entries": {
        "Chat_DeclineProposal": "{1} is disinclined to accept the proposal of marriage profferred by one {0}."

      }
    },
{
   "Action": "Load",
   "Target": "Maps/FarmHousePatch",
   "FromFile": "Assets/FarmHousePatch.tmx"

},

 /*   
{  //FarmhouseUpgrade
            "Action": "EditMap",
              "LogName": "Farmhouse Map Expander",
            "Target": "Maps/FarmHouse",
            "FromFile": "Assets/FarmHousePatch.tmx",
            "When": {
                "FarmhouseUpgrade: currentPlayer": "{{Range: 1, 3}}"
                    },
            "FromArea": { "X": 36, "Y": 0, "Width": 0, "Height": 0 },
            "ToArea": { "X": "{{Query: {{ApryllForever.PolyamorySweetLove/WifeRoomsWidth}} }}", "Y": 60, "Width": 0, "Height": 0 }
        },*/
/*

 {
            "Action": "EditMap",
               "LogName": "Farmhouse Map ExpanderA",
            "Target": "Maps/FarmHouse1_marriage",
            "FromFile": "Assets/FarmHousePatch.tmx",
            "FromArea": { "X": 0, "Y": 0, "Width":160, "Height": 9 }, // "{{Query: {{ApryllForever.PolyamorySweetLove/WifeRoomsWidth}} }}"
            //"When": {
             // "FarmhouseUpgrade: currentPlayer": "{{Range: 1, 4}}"
             //     },
            "ToArea": { "X": 35, "Y": 11, "Width": 160, "Height": 9 }
        },



{
            "Action": "EditMap",
               "LogName": "Farmhouse Map ExpanderB",
            "Target": "Maps/FarmHouse2_marriage",
            "FromFile": "Assets/FarmHousePatch.tmx",
            "FromArea": { "X": 0, "Y": 0, "Width":160, "Height": 9 },
            //"When": {
             // "FarmhouseUpgrade: currentPlayer": "{{Range: 1, 4}}"
               //   },
            "ToArea": { "X": 69, "Y": 45, "Width": 160, "Height": 9 }
        },*/




  {
                "Action": "EditData",
                "Target": "Mods/CJBok.CheatsMenu/WarpSections",
                "Entries": {
                    "ApryllForever.CPPolyamorySweet_MermaidSection": {
                        "Id": "ApryllForever.CPPolyamorySweet_MermaidLocations",
                        "DisplayName": "{{i18n:ApryllForever.MermaidLocations}}"
                    },
                   
                }
            },

 {
                "Action": "EditData",
                "Target": "Mods/CJBok.CheatsMenu/Warps",
                "Entries": {
                    "ApryllForever.PolyamorySweet_LantanaLagoon": {
                        "Id": "ApryllForever.CPPolyamorySweet_Lantana Lagoon",
                        "DisplayName": "{{i18n:DisplayName.LantanaLagoon}}",
                        "Location": "Custom_LantanaLagoon",
                        "Tile": "15, 15",
                        "SectionId": "ApryllForever.CPPolyamorySweet_MermaidLocations"
                    },
                  }
                }

                



  ]
}//Apryll