{
  "Changes": [
    {
      "LogName": "Nano's Decorative Tree Catalogue Desk",
      "Action": "EditData",
      "Target": "Data/Furniture",
      "Entries": {
        "Nano_DecorCatalogueDesk": "Nano_DecorCatalogueDesk/other/1 2/1 1/1/{{CataloguePrice}}/2/{{i18n:Nano_CatalogueDesk.name}}/0/Mods\\{{ModID}}\\Catalogue/true"
      }
    },

    {
      "LogName": "Nano's Decorative Tree Catalogue Shop",
      "Action": "EditData",
      "Target": "Data/Shops",
      "Entries": {
        "Nano_DecorShopID": {
          "PriceModifiers": null,
          "PriceModifierMode": "Stack",
          "Items": [
            {
              "Price": 0,
              "AvailableStockLimit": "Global",
              "AvoidRepeat": false,
              "UseObjectDataPrice": false,
              "IgnoreShopPriceModifiers": false,
              "PriceModifiers": null,
              "PriceModifierMode": "Stack",
              "AvailableStockModifiers": null,
              "AvailableStockModifierMode": "Stack",
              "Condition": null,
              "Id": "Default",
              "ItemId": "ALL_ITEMS (F)",
              "MinStack": -1,
              "MaxStack": -1,
              "Quality": -1,
              "PerItemCondition": "ITEM_CONTEXT_TAG Target collection_NanoDecor"
            }
          ],
          "CustomFields": {
            "HappyHomeDesigner/Catalogue": "true"
          }
        }
      }
    },
    {
      "LogName": "Add Catalogue Tile Actions",
      "Action": "EditData",
      "Target": "sophie.Calcifer/FurnitureActions",
      "Entries": {
        "(F)Nano_DecorCatalogueDesk": {
          "TileActions": [
            {
              "TileAction": "OpenShop Nano_DecorShopID"
            }
          ]
        }
      }
    },
    {
      "LogName": "Add Catalogue to Robin Shop",
      "Action": "EditData",
      "Target": "Data/Shops",
      "TargetField": ["Carpenter", "Items"],
      "Entries": {
        "Nano_DecorCatalogueDesk": {
          "Id": "Nano_DecorCatalogueDesk",
          "ItemId": "(F)Nano_DecorCatalogueDesk"
        }
      }
    }
  ]
}
