{
  "$schema": "https://smapi.io/schemas/content-patcher.json",
  "Changes": [
    {
      "Action": "EditData",
      "Target": "mushymato.MMAP/FurnitureProperties",
      "Entries": {
        "Nano_FlorescentGoldenRainTree": {
          "CollisionMap": "OXXO",
          "SortTileOffset": 0.5
        },
        "Nano_FlorescentGoldenRainTree_Lamp": {
          "CollisionMap": "OXXO",
          "SortTileOffset": 0.5
        },
        "Nano_GoldenRainTree": {
          "CollisionMap": "OXXO",
          "SortTileOffset": 0.5
        },
        "Nano_GoldenRainTree_Lamp": {
          "CollisionMap": "OXXO",
          "SortTileOffset": 0.5
        },
        "Nano_CommonTree": {
          "CollisionMap": "OXXO",
          "SortTileOffset": 0.5
        },
        "Nano_CommonTree_Lamp": {
          "CollisionMap": "OXXO",
          "SortTileOffset": 0.5
        },
        "Nano_Sakura": {
          "CollisionMap": "OXXO",
          "SortTileOffset": 0.5
        },
        "Nano_Sakura_Light": {
          "CollisionMap": "OXXO",
          "SortTileOffset": 0.5
        },
        "Nano_Sakura_Lamp": {
          "CollisionMap": "OXXO",
          "SortTileOffset": 0.5
        },
        "Nano_Sakura_Light_Lamp": {
          "CollisionMap": "OXXO",
          "SortTileOffset": 0.5
        },
        "Nano_Sakura_Swing": {
          "CollisionMap": "OXXO",
          "SortTileOffset": 0.5
        },
        "Nano_ChineseWistaria": {
          "CollisionMap": "OOOOXXX",
          "SortTileOffset": 0.5
        },
        "Nano_ChineseWistaria_Lamp": {
          "CollisionMap": "OOOOXXX",
          "SortTileOffset": 0.5
        },
        "Nano_ChineseWistaria_Swing": {
          "CollisionMap": "OOOOXXX",
          "SortTileOffset": 0.5
        },
        "Nano_ChineseWistaria_White": {
          "CollisionMap": "OOOOXXX",
          "SortTileOffset": 0.5
        },
        "Nano_ChineseWistaria_White_Lamp": {
          "CollisionMap": "OOOOXXX",
          "SortTileOffset": 0.5
        },
        "Nano_ChineseWistaria_White_Swing": {
          "CollisionMap": "OOOOXXX",
          "SortTileOffset": 0.5
        },
        "Nano_ChineseWistaria_Left": {
          "CollisionMap": "XXXOOOO",
          "SortTileOffset": 0.5
        },
        "Nano_ChineseWistaria_Lamp_Left": {
          "CollisionMap": "XXXOOOO",
          "SortTileOffset": 0.5
        },
        "Nano_ChineseWistaria_Swing_Left": {
          "CollisionMap": "XXXOOOO",
          "SortTileOffset": 0.5
        },
        "Nano_ChineseWistaria_White_Left": {
          "CollisionMap": "XXXOOOO",
          "SortTileOffset": 0.5
        },
        "Nano_ChineseWistaria_White_Lamp_Left": {
          "CollisionMap": "XXXOOOO",
          "SortTileOffset": 0.5
        },
        "Nano_ChineseWistaria_White_Swing_Left": {
          "CollisionMap": "XXXOOOO",
          "SortTileOffset": 0.5
        },
        "Nano_JacarandaTree_Left": {
          "CollisionMap": "OXOO",
          "SortTileOffset": 0.5
        },
        "Nano_JacarandaTree_Left_Lamp": {
          "CollisionMap": "OXOO",
          "SortTileOffset": 0.5
        },
        "Nano_JacarandaTree_Right": {
          "CollisionMap": "OOXO",
          "SortTileOffset": 0.5
        },
        "Nano_JacarandaTree_Right_Lamp": {
          "CollisionMap": "OOXO",
          "SortTileOffset": 0.5
        },
        "Nano_Bamboo": {
          "CollisionMap": "OOXOO",
          "SortTileOffset": 0.5
        },
		"Nano_Bamboo_Lamp": {
          "CollisionMap": "OOXOO",
          "SortTileOffset": 0.5
        },
		"Nano_Crape_Myrtle": {
          "CollisionMap": "OXXO",
          "SortTileOffset": 0.5
        },
		"Nano_Jasmine": {
          "CollisionMap": "OXXO",
          "SortTileOffset": 0.5
        },
        "Nano_Poinciana": {
          "CollisionMap": "OOOXXXOOOO",
          "SortTileOffset": 0.5
        },
        "Nano_Poinciana_Full_Bloom": {
          "CollisionMap": "OOOXXXOOOO",
          "SortTileOffset": 0.5
        },
        "Nano_Magnolia": {
          "CollisionMap": "OOOXXXOOOO",
          "SortTileOffset": 0.5
        },
        "Nano_Privet_Left": {
          "CollisionMap": "OXOO",
          "SortTileOffset": 0.5
        },
        "Nano_Privet_Right": {
          "CollisionMap": "OXOO",
          "SortTileOffset": 0.5
        },
        "Nano_Privet_Left_Lamp": {
          "CollisionMap": "OXOO",
          "SortTileOffset": 0.5
        },
        "Nano_Privet_Right_Lamp": {
          "CollisionMap": "OXOO",
          "SortTileOffset": 0.5
        },
        "Nano_Nandina": {
          "CollisionMap": "OXO",
          "SortTileOffset": 0.5
        }
      }
    }
    /* 座椅可以按需求加When和ConfigSchema*/,
    {
      "Action": "EditData",
      "Target": "mushymato.MMAP/FurnitureProperties",
      "Fields": {
        "Nano_ChineseWistaria": {
          "ActionTiles": [
            {
              "Id": "Seat_TreeBranch",
              "Tile": {
                "X": 4,
                "Y": 0
              },
              "Action": "Seat -2 -142"
            }
          ]
        },
        "Nano_ChineseWistaria_Lamp": {
          "ActionTiles": [
            {
              "Id": "Seat_TreeBranch",
              "Tile": {
                "X": 4,
                "Y": 0
              },
              "Action": "Seat -2 -142"
            }
          ]
        },
        "Nano_ChineseWistaria_Swing": {
          "ActionTiles": [
            {
              "Id": "Seat_TreeBranch",
              "Tile": {
                "X": 4,
                "Y": 0
              },
              "Action": "Seat -2 -142"
            },
            {
              "Id": "Seat_Swing",
              "Tile": {
                "X": 2,
                "Y": 0
              },
              "Action": "Seat 11"
            }
          ]
        },
        "Nano_ChineseWistaria_White": {
          "ActionTiles": [
            {
              "Id": "Seat_TreeBranch",
              "Tile": {
                "X": 4,
                "Y": 0
              },
              "Action": "Seat -2 -142"
            }
          ]
        },
        "Nano_ChineseWistaria_White_Lamp": {
          "ActionTiles": [
            {
              "Id": "Seat_TreeBranch",
              "Tile": {
                "X": 4,
                "Y": 0
              },
              "Action": "Seat -2 -142"
            }
          ]
        },
        "Nano_ChineseWistaria_White_Swing": {
          "ActionTiles": [
            {
              "Id": "Seat_TreeBranch",
              "Tile": {
                "X": 4,
                "Y": 0
              },
              "Action": "Seat -2 -142"
            },
            {
              "Id": "Seat_Swing",
              "Tile": {
                "X": 2,
                "Y": 0
              },
              "Action": "Seat 11"
            }
          ]
        },
        "Nano_ChineseWistaria_Left": {
          "ActionTiles": [
            {
              "Id": "Seat_TreeBranch",
              "Tile": {
                "X": 2,
                "Y": 0
              },
              "Action": "Seat 8 -142"
            }
          ]
        },
        "Nano_ChineseWistaria_Lamp_Left": {
          "ActionTiles": [
            {
              "Id": "Seat_TreeBranch",
              "Tile": {
                "X": 2,
                "Y": 0
              },
              "Action": "Seat 8 -142"
            }
          ]
        },
        "Nano_ChineseWistaria_Swing_Left": {
          "ActionTiles": [
            {
              "Id": "Seat_TreeBranch",
              "Tile": {
                "X": 2,
                "Y": 0
              },
              "Action": "Seat 8 -142"
            },
            {
              "Id": "Seat_Swing1",
              "Tile": {
                "X": 4,
                "Y": 0
              },
              "Action": "Seat -4"
            }
          ]
        },
        "Nano_ChineseWistaria_White_Left": {
          "ActionTiles": [
            {
              "Id": "Seat_TreeBranch",
              "Tile": {
                "X": 2,
                "Y": 0
              },
              "Action": "Seat 8 -142"
            }
          ]
        },
        "Nano_ChineseWistaria_White_Lamp_Left": {
          "ActionTiles": [
            {
              "Id": "Seat_TreeBranch",
              "Tile": {
                "X": 2,
                "Y": 0
              },
              "Action": "Seat 8 -142"
            }
          ]
        },
        "Nano_ChineseWistaria_White_Swing_Left": {
          "ActionTiles": [
            {
              "Id": "Seat_TreeBranch",
              "Tile": {
                "X": 2,
                "Y": 0
              },
              "Action": "Seat 8 -142"
            },
            {
              "Id": "Seat_Swing1",
              "Tile": {
                "X": 4,
                "Y": 0
              },
              "Action": "Seat -4"
            }
          ]
        },
        "Nano_Sakura_Swing": {
          "ActionTiles": [
            {
              "Id": "Seat_Swing",
              "Tile": {
                "X": 3,
                "Y": 0
              },
              "Action": "Seat"
            }
          ]
        }
      }
    }
  ]
}