{
  "Changes": [
    {
      "Action": "EditData",
      "Target": "Data/Shops",
      "TargetField": ["Carpenter", "Items"],
      "Entries": {
        //Decor-shop
        "Nano-Florescent Golden Rain Tree": {
          "Price": 300,
          "Id": "FlorescentGoldenRainTree",
          "ItemId": "Nano_FlorescentGoldenRainTree"
        },
        "Nano-Golden Rain Tree": {
          "Price": 300,
          "Id": "GoldenRainTree",
          "ItemId": "Nano_GoldenRainTree"
        },
        "Nano-Common Tree": {
          "Price": 300,
          "Id": "CommonTreee",
          "ItemId": "Nano_CommonTree"
        },
        "Nano-Sakura": {
          "Price": 800,
          "Id": "Sakura",
          "ItemId": "Nano_Sakura"
        },
		"Nano-Sakura(Light Color)": {
          "Price": 800,
          "Id": "Sakura(Light)",
          "ItemId": "Nano_Sakura_Light"
        },
        "Nano-Chinese Wistaria": {
          "Price": 1000,
          "Id": "ChineseWistaria",
          "ItemId": "Nano_ChineseWistaria"
        },
		"Nano-Chinese Wistaria(left)": {
          "Price": 1000,
          "Id": "ChineseWistaria_Left",
          "ItemId": "Nano_ChineseWistaria_Left"
        },
        "Nano-Jacaranda Tree(left)": {
          "Price": 300,
          "Id": "JacarandaTree(left)",
          "ItemId": "Nano_JacarandaTree_Left"
        },
        "Nano-Jacaranda Tree(right)": {
          "Price": 300,
          "Id": "JacarandaTree(right)",
          "ItemId": "Nano_JacarandaTree_Right"
        },
        "Nano-Bamboo": {
          "Price": 1000,
          "Id": "Bamboo",
          "ItemId": "Nano_Bamboo"
        },
		"Nano-Poinciana": {
          "Price": 2500,
          "Id": "Poinciana",
          "ItemId": "Nano_Poinciana"
        },
		"Nano-Poinciana(Full Bloom)": {
          "Price": 2500,
          "Id": "Poinciana_Full_Bloom",
          "ItemId": "Nano_Poinciana_Full_Bloom"
        },
		"Nano-Magnolia": {
          "Price": 2500,
          "Id": "Magnolia",
          "ItemId": "Nano_Magnolia"
        },
        "Nano-Privet_Left": {
          "Price": 100,
          "Id": "Privet(Left)",
          "ItemId": "Nano_Privet_Left"
        },
        "Nano-Privet_Right": {
          "Price": 100,
          "Id": "Privet(Right)",
          "ItemId": "Nano_Privet_Right"
        },
		"Nano-Nandina": {
          "Price": 100,
          "Id": "Nandina",
          "ItemId": "Nano_Nandina"
        },
        "Nano-Boulevard Cypress(left)": {
          "Price": 100,
          "Id": "BoulevardCypress_Left",
          "ItemId": "Nano_BoulevardCypress_Left"
        },
        "Nano-Boulevard Cypress(right)": {
          "Price": 100,
          "Id": "BoulevardCypress_Right",
          "ItemId": "Nano_BoulevardCypress_Right"
        },
        "Nano-Revolution Gold(left)": {
          "Price": 100,
          "Id": "RevolutionGold_Left",
          "ItemId": "Nano_RevolutionGold_Left"
        },
        "Nano-Revolution Gold(right)": {
          "Price": 100,
          "Id": "RevolutionGold_Right",
          "ItemId": "Nano_RevolutionGold_Right"
        },
        "Nano-Syzygium Hancei(left)": {
          "Price": 100,
          "Id": "SyzygiumHancei_Left",
          "ItemId": "Nano_SyzygiumHancei_Left"
        },
        "Nano-Syzygium Hancei(right)": {
          "Price": 100,
          "Id": "SyzygiumHancei_Right",
          "ItemId": "Nano_SyzygiumHancei_Right"
        },
        "Nano-Common Bush(left)": {
          "Price": 100,
          "Id": "CommonBush_Left",
          "ItemId": "Nano_CommonBush_Left"
        },
        "Nano-Common Bush(right)": {
          "Price": 100,
          "Id": "CommonBush_Right",
          "ItemId": "Nano_CommonBush_Right"
        },
        "Nano-Gardenia": {
          "Price": 100,
          "Id": "Gardenia",
          "ItemId": "Nano_Gardenia"
        },
		"Nano-Gardenia(Small)": {
          "Price": 100,
          "Id": "Gardenia_Small",
          "ItemId": "Nano_Gardenia_Small"
        },
        "Nano-Azalea": {
          "Price": 100,
          "Id": "Azalea",
          "ItemId": "Nano_Azalea"
        },
		"Nano-Azalea(Small)": {
          "Price": 100,
          "Id": "Azalea_Small",
          "ItemId": "Nano_Azalea_Small"
        },
        "Nano-Endless Summer": {
          "Price": 100,
          "Id": "EndlessSummer",
          "ItemId": "Nano_EndlessSummer"
        },
		"Nano-Endless Summer(Samll)": {
          "Price": 100,
          "Id": "EndlessSummer_Small",
          "ItemId": "Nano_EndlessSummer_Small"
        },
        "Nano-Annabelle": {
          "Price": 100,
          "Id": "Annabelle",
          "ItemId": "Nano_Annabelle"
        },
		"Nano-Annabelle(Small)": {
          "Price": 100,
          "Id": "Annabelle_Small",
          "ItemId": "Nano_Annabelle_Small"
        },
        "Nano-Alum Root(Green)": {
          "Price": 100,
          "Id": "AlumRoot_Green",
          "ItemId": "Nano_AlumRoot_Green"
        },
        "Nano-Alum Root(Red)": {
          "Price": 100,
          "Id": "AlumRoot_Red",
          "ItemId": "Nano_AlumRoot_Red"
        },
        "Nano-Plantain Lily": {
          "Price": 100,
          "Id": "PlantainLily",
          "ItemId": "Nano_PlantainLily"
        },
		 "Nano-Plantain Lily(Blue)": {
          "Price": 100,
          "Id": "PlantainLily_Blue",
          "ItemId": "Nano_PlantainLily_Blue"
        },
		"Nano-Crape Myrtle": {
          "Price": 300,
          "Id": "Crape_Myrtle",
          "ItemId": "Nano_Crape_Myrtle"
        },
		"Nano-Jasmine": {
          "Price": 300,
          "Id": "Jasmine",
          "ItemId": "Nano_Jasmine"
        },
		"Nano-Chinese Wistaria White": {
			"Price": 1000,
			"Id": "ChineseWistaria_White",
			"ItemId": "Nano_ChineseWistaria_White"
		},
		"Nano-Chinese Wistaria White(Left)": {
			"Price": 1000,
			"Id": "ChineseWistaria_White_Left",
			"ItemId": "Nano_ChineseWistaria_White_Left"
		},

        //Lamp-shop
        "Nano-Boulevard Cypress Lamp(left)": {
          "Price": 500,
          "Id": "BoulevardCypress_Left_Lamp",
          "ItemId": "Nano_BoulevardCypress_Left_Lamp"
        },
        "Nano-Boulevard Cypress Lamp(right)": {
          "Price": 500,
          "Id": "BoulevardCypress_Right_Lamp",
          "ItemId": "Nano_BoulevardCypress_Right_Lamp"
        },
        "Nano-Syzygium Hancei Lamp(left)": {
          "Price": 500,
          "Id": "SyzygiumHancei_Left_Lamp",
          "ItemId": "Nano_SyzygiumHancei_Left_Lamp"
        },
        "Nano-Syzygium Hancei Lamp(right)": {
          "Price": 500,
          "Id": "SyzygiumHancei_Right_Lamp",
          "ItemId": "Nano_SyzygiumHancei_Right_Lamp"
        },
        "Nano-Revolution Gold Lamp(left)": {
          "Price": 500,
          "Id": "RevolutionGold_Left_Lamp",
          "ItemId": "Nano_RevolutionGold_Left_Lamp"
        },
        "Nano-Revolution Gold Lamp(right)": {
          "Price": 500,
          "Id": "RevolutionGold_Right_Lamp",
          "ItemId": "Nano_RevolutionGold_Right_Lamp"
        },
        "Nano-Common Bush Lamp(left)": {
          "Price": 500,
          "Id": "CommonBush_Left_Lamp",
          "ItemId": "Nano_CommonBush_Left_Lamp"
        },
        "Nano-Common Bush Lamp(right)": {
          "Price": 500,
          "Id": "CommonBush_Right_Lamp",
          "ItemId": "Nano_CommonBush_Right_Lamp"
        },
        "Nano-Bamboo Lamp": {
          "Price": 1000,
          "Id": "Bamboo_Lamp",
          "ItemId": "Nano_Bamboo_Lamp"
        },
        "Nano-Chinese Wistaria Lamp": {
          "Price": 2500,
          "Id": "ChineseWistaria_Lamp",
          "ItemId": "Nano_ChineseWistaria_Lamp"
        },
		"Nano-Chinese Wistaria Lamp(left)": {
          "Price": 2500,
          "Id": "ChineseWistaria_Lamp_Left",
          "ItemId": "Nano_ChineseWistaria_Lamp_Left"
        },
		"Nano-Chinese Wistaria White Lamp": {
          "Price": 2500,
          "Id": "ChineseWistaria_White_Lamp",
          "ItemId": "Nano_ChineseWistaria_White_Lamp"
        },
		"Nano-Chinese Wistaria White Lamp(left)": {
          "Price": 2500,
          "Id": "ChineseWistaria_White_Lamp_Left",
          "ItemId": "Nano_ChineseWistaria_White_Lamp_Left"
        },
        "Nano-Florescent Golden Rain Tree Lamp": {
          "Price": 1000,
          "Id": "FlorescentGoldenRainTree_Lamp",
          "ItemId": "Nano_FlorescentGoldenRainTree_Lamp"
        },
        "Nano-Golden Rain Tree Lamp": {
          "Price": 1000,
          "Id": "GoldenRainTree_Lamp",
          "ItemId": "Nano_GoldenRainTree_Lamp"
        },
        "Nano-Common Tree Lamp": {
          "Price": 1000,
          "Id": "CommonTree_Lamp",
          "ItemId": "Nano_CommonTree_Lamp"
        },
        "Nano-Jacaranda Tree Lamp(left)": {
          "Price": 1000,
          "Id": "JacarandaTree_Left_Lamp",
          "ItemId": "Nano_JacarandaTree_Left_Lamp"
        },
        "Nano-Jacaranda Tree Lamp(right)": {
          "Price": 1000,
          "Id": "JacarandaTree_Right_Lamp",
          "ItemId": "Nano_JacarandaTree_Right_Lamp"
        },
        "Nano-Sakura Lamp": {
          "Price": 2500,
          "Id": "Sakura_Lamp",
          "ItemId": "Nano_Sakura_Lamp"
        },
		"Nano-Sakura Lamp(light color)": {
          "Price": 2500,
          "Id": "Sakura_Light_Lamp",
          "ItemId": "Nano_Sakura_Light_Lamp"
        },
        "Nano-Privet Lamp(left)": {
          "Price": 500,
          "Id": "PrivetLeftLamp",
          "ItemId": "Nano_Privet_Left_Lamp"
        },
        "Nano-Privet Lamp(right)": {
          "Price": 500,
          "Id": "PrivetRightLamp",
          "ItemId": "Nano_Privet_Right_Lamp"
        },
        //Swing-shop
        "Nano-Chinese Wistaria Swing": {
          "Price": 3500,
          "Id": "ChineseWistaria_Swing",
          "ItemId": "Nano_ChineseWistaria_Swing"
        },
		"Nano-Chinese Wistaria Swing(left)": {
          "Price": 3500,
          "Id": "ChineseWistaria_Swing_Left",
          "ItemId": "Nano_ChineseWistaria_Swing_Left"
        },
		"Nano-Chinese Wistaria White Swing": {
          "Price": 3500,
          "Id": "ChineseWistaria_White_Swing",
          "ItemId": "Nano_ChineseWistaria_White_Swing"
        },
		"Nano-Chinese Wistaria White Swing(left)": {
          "Price": 3500,
          "Id": "ChineseWistaria_White_Swing_Left",
          "ItemId": "Nano_ChineseWistaria_White_Swing_Left"
        },
        "Nano-Sakura Swing": {
          "Price": 2500,
          "Id": "Sakura_Swing",
          "ItemId": "Nano_Sakura_Swing"
        }
      }
    }
  ]
}
