{
    "Format": "1.28.0",
    "Changes": [
        {
            "Action": "EditData",
            "Target": "Data/AdditionalWallpaperFlooring",
            "Entries": {
                "Novaphene.Walls": { 
                    "ID": "Novaphene.Walls",
                    "Texture": "Maps/Novaphene.RetroWallsAndFloors.Walls",
                    "IsFlooring": false,
                    "Count": 20
                }
            }
        },
        {
            "Action": "Load",
            "Target": "Maps/Novaphene.RetroWallsAndFloors.Walls",
            "FromFile": "assets/Walls.png"
        },


        {
            "Action": "EditData",
            "Target": "Data/AdditionalWallpaperFlooring",
            "Entries": {
                "Novaphene.Floors": {
                    "ID": "Novaphene.Floors",
                    "Texture": "Maps/Novaphene.RetroWallsAndFloors.Floors",
                    "IsFlooring": true,
                    "Count": 15
                }
            }
        },
        {
            "Action": "Load",
            "Target": "Maps/Novaphene.RetroWallsAndFloors.Floors",
            "FromFile": "assets/Floors.png"
        }
    ]
}