{
  "Format": "2.0.0",
  "ConfigSchema": {
		"Catalogue_Desk": {
			"AllowValues": "true, false",
			"Default": "true",
		},
		"Catalogue_Price": 
		{
			"Default": "25000"
		},
	},
	"DynamicTokens": [ 
		{
			"Name": "CataloguePrice",
			"Value": "{{Catalogue_Price}}"
		},
	],
  
  "Changes": [
		//Modify collision volume
		{
		  "Action": "Include",
		  "FromFile": "data/mmap_props.json",
		  "When": {
			  "HasMod": "mushymato.MMAP"
			  }
		},  
		//Sell furniture in the shop
		{
			"Action": "Include",
			"FromFile": "data/shop.json",
			  "When": {
				  "Catalogue_Desk": false
			 }
		},
	//Put furniture to the catalogue
		{
			"Action": "Load",
			"Target": "Mods/{{ModID}}/Catalogue",
			"FromFile": "assets/Catalogue.png",
			"When": {
				"Catalogue_Desk": true
			}
		},
		{
			"Action": "Include",
			"FromFile": "data/catalogue.json",
			"When": {
				"Catalogue_Desk": true
			}
		},
	//Decor-textures
		{
			"LogName": "Nano's Decorative Trees",
			"Action": "Load",
			"Target": "Mods/{{ModID}}/Nano_FlorescentGoldenRainTree,
			Mods/{{ModID}}/Nano_GoldenRainTree,
			Mods/{{ModID}}/Nano_CommonTree,
			Mods/{{ModID}}/Nano_Sakura,
			Mods/{{ModID}}/Nano_Sakura_Light,
			Mods/{{ModID}}/Nano_ChineseWistaria,
			Mods/{{ModID}}/Nano_ChineseWistaria_Left,
			Mods/{{ModID}}/Nano_JacarandaTree_Left,
			Mods/{{ModID}}/Nano_JacarandaTree_Right,
			Mods/{{ModID}}/Nano_Bamboo,
			Mods/{{ModID}}/Nano_Poinciana,
			Mods/{{ModID}}/Nano_Poinciana_Full_Bloom,
			Mods/{{ModID}}/Nano_Magnolia,
			Mods/{{ModID}}/Nano_Privet_Left,
			Mods/{{ModID}}/Nano_Privet_Right,
			Mods/{{ModID}}/Nano_Nandina,
			Mods/{{ModID}}/Nano_BoulevardCypress_Left,
			Mods/{{ModID}}/Nano_BoulevardCypress_Right,
			Mods/{{ModID}}/Nano_RevolutionGold_Left,
			Mods/{{ModID}}/Nano_RevolutionGold_Right,
			Mods/{{ModID}}/Nano_SyzygiumHancei_Left,
			Mods/{{ModID}}/Nano_SyzygiumHancei_Right,
			Mods/{{ModID}}/Nano_CommonBush_Left,
			Mods/{{ModID}}/Nano_CommonBush_Right,
			Mods/{{ModID}}/Nano_Gardenia,
			Mods/{{ModID}}/Nano_Gardenia_Small,
			Mods/{{ModID}}/Nano_Azalea,
			Mods/{{ModID}}/Nano_Azalea_Small,
			Mods/{{ModID}}/Nano_EndlessSummer,
			Mods/{{ModID}}/Nano_EndlessSummer_Small,
			Mods/{{ModID}}/Nano_Annabelle,
			Mods/{{ModID}}/Nano_Annabelle_Small,
			Mods/{{ModID}}/Nano_AlumRoot_Green,
			Mods/{{ModID}}/Nano_AlumRoot_Red,
			Mods/{{ModID}}/Nano_PlantainLily,
			Mods/{{ModID}}/Nano_PlantainLily_Blue,
			Mods/{{ModID}}/Nano_Crape_Myrtle,
			Mods/{{ModID}}/Nano_Jasmine,
			Mods/{{ModID}}/Nano_ChineseWistaria_White,
			Mods/{{ModID}}/Nano_ChineseWistaria_White_Left",
			"FromFile": "assets/{{TargetWithoutPath}}.png"
		},
		//Lamp-textures
		{
			"LogName": "Nano's Decorative Trees",
			"Action": "Load",
			"Target": "Mods/{{ModID}}/Nano_CommonBush_Left_Lamp,
			Mods/{{ModID}}/Nano_CommonBush_Right_Lamp,
			Mods/{{ModID}}/Nano_RevolutionGold_Left_Lamp,
			Mods/{{ModID}}/Nano_RevolutionGold_Right_Lamp,
			Mods/{{ModID}}/Nano_SyzygiumHancei_Left_Lamp,
			Mods/{{ModID}}/Nano_SyzygiumHancei_Right_Lamp,
			Mods/{{ModID}}/Nano_BoulevardCypress_Left_Lamp,
			Mods/{{ModID}}/Nano_BoulevardCypress_Right_Lamp,
			Mods/{{ModID}}/Nano_Bamboo_Lamp,
			Mods/{{ModID}}/Nano_ChineseWistaria_Lamp,
			Mods/{{ModID}}/Nano_ChineseWistaria_Lamp_Left,
			Mods/{{ModID}}/Nano_ChineseWistaria_White_Lamp,
			Mods/{{ModID}}/Nano_ChineseWistaria_White_Lamp_Left,
			Mods/{{ModID}}/Nano_Bamboo_Lamp,
			Mods/{{ModID}}/Nano_CommonTree_Lamp,
			Mods/{{ModID}}/Nano_FlorescentGoldenRainTree_Lamp,
			Mods/{{ModID}}/Nano_GoldenRainTree_Lamp,
			Mods/{{ModID}}/Nano_JacarandaTree_Left_Lamp,
			Mods/{{ModID}}/Nano_JacarandaTree_Right_Lamp,
			Mods/{{ModID}}/Nano_Sakura_Lamp,
			Mods/{{ModID}}/Nano_Sakura_Light_Lamp,
			Mods/{{ModID}}/Nano_Privet_Left_Lamp,
			Mods/{{ModID}}/Nano_Privet_Right_Lamp",
			"FromFile": "assets/{{TargetWithoutPath}}.png"
		},

		//Swing-textures
		{
			"LogName": "Nano's Decorative Trees",
			"Action": "Load",
			"Target": "Mods/{{ModID}}/Nano_ChineseWistaria_Swing,
			Mods/{{ModID}}/Nano_ChineseWistaria_Swing_Left,
			Mods/{{ModID}}/Nano_ChineseWistaria_White_Swing,
			Mods/{{ModID}}/Nano_ChineseWistaria_White_Swing_Left,
			Mods/{{ModID}}/Nano_Sakura_Swing",
			"FromFile": "assets/{{TargetWithoutPath}}.png"
		},
		{
		"Action": "EditData",
		"Target": "Data/Furniture",
		"Entries": {
			//Decor-entries

			"Nano_FlorescentGoldenRainTree": "Nano-Florescent Golden Rain Tree/Decor/4 6/4 1/1/100/2/{{i18n: Nano_FlorescentGoldenRainTree.name}}/0/Mods\\{{ModID}}\\Nano_FlorescentGoldenRainTree/false/collection_NanoDecor",
			"Nano_GoldenRainTree": "Nano-Golden Rain Tree/Decor/4 6/4 1/1/100/2/{{i18n: Nano_GoldenRainTree.name}}/0/Mods\\{{ModID}}\\Nano_GoldenRainTree/false/collection_NanoDecor",
			"Nano_CommonTree": "Nano-Common Tree/Decor/4 6/4 1/1/100/2/{{i18n: Nano_CommonTree.name}}/0/Mods\\{{ModID}}\\Nano_CommonTree/false/collection_NanoDecor",
			"Nano_Sakura": "Nano-Sakura/Decor/6 5/4 1/1/100/2/{{i18n: Nano_Sakura.name}}/0/Mods\\{{ModID}}\\Nano_Sakura/false/collection_NanoDecor",
			"Nano_Sakura_Light": "Nano-Sakura(Light Color)/Decor/6 5/4 1/1/100/2/{{i18n: Nano_Sakura_Light.name}}/0/Mods\\{{ModID}}\\Nano_Sakura_Light/false/collection_NanoDecor",
			"Nano_ChineseWistaria": "Nano-Chinese Wistaria/Decor/8 7/7 1/1/100/2/{{i18n: Nano_ChineseWistaria.name}}/0/Mods\\{{ModID}}\\Nano_ChineseWistaria/false/collection_NanoDecor",
			"Nano_ChineseWistaria_Left": "Nano-Chinese Wistaria(left)/Decor/8 7/7 1/1/100/2/{{i18n: Nano_ChineseWistaria_Left.name}}/0/Mods\\{{ModID}}\\Nano_ChineseWistaria_Left/false/collection_NanoDecor",
			"Nano_JacarandaTree_Left": "Nano-Jacaranda Tree(left)/Decor/4 6/3 1/1/100/2/{{i18n: Nano_JacarandaTree_Left.name}}/0/Mods\\{{ModID}}\\Nano_JacarandaTree_Left/false/collection_NanoDecor",
			"Nano_JacarandaTree_Right": "Nano-Jacaranda Tree(right)/Decor/4 6/3 1/1/100/2/{{i18n: Nano_JacarandaTree_Right.name}}/0/Mods\\{{ModID}}\\Nano_JacarandaTree_Right/false/collection_NanoDecor",
			"Nano_Bamboo": "Nano-Bamboo/Decor/5 7/4 1/1/100/2/{{i18n: Nano_Bamboo.name}}/0/Mods\\{{ModID}}\\Nano_Bamboo/false/collection_NanoDecor",
			"Nano_Poinciana": "Nano-Poinciana/Decor/10 8/10 1/1/100/2/{{i18n: Nano_Poinciana.name}}/0/Mods\\{{ModID}}\\Nano_Poinciana/false/collection_NanoDecor",
			"Nano_Poinciana_Full_Bloom": "Nano-Poinciana(Full Bloom)/Decor/10 8/10 1/1/100/2/{{i18n: Nano_Poinciana_Full_Bloom.name}}/0/Mods\\{{ModID}}\\Nano_Poinciana_Full_Bloom/false/collection_NanoDecor",
			"Nano_Magnolia": "Nano-Magnolia/Decor/10 8/10 1/1/100/2/{{i18n: Nano_Magnolia.name}}/0/Mods\\{{ModID}}\\Nano_Magnolia/false/collection_NanoDecor",
			"Nano_Privet_Left": "Nano-Privet(Left)/Decor/4 6/3 1/1/100/2/{{i18n: Nano_Privet_Left.name}}/0/Mods\\{{ModID}}\\Nano_Privet_Left/false/collection_NanoDecor",
			"Nano_Privet_Right": "Nano-Privet(Right)/Decor/4 6/3 1/1/100/2/{{i18n: Nano_Privet_Right.name}}/0/Mods\\{{ModID}}\\Nano_Privet_Right/false/collection_NanoDecor",
			"Nano_Nandina": "Nano-Nandina/Decor/3 6/3 1/2/100/2/{{i18n: Nano_Nandina.name}}/0/Mods\\{{ModID}}\\Nano_Nandina/false/collection_NanoDecor",
			"Nano_BoulevardCypress_Left": "Nano-Boulevard Cypress(left)/Decor/2 3/2 1/1/100/2/{{i18n: Nano_BoulevardCypress_Left.name}}/0/Mods\\{{ModID}}\\Nano_BoulevardCypress_Left/false/collection_NanoDecor",
			"Nano_BoulevardCypress_Right": "Nano-Boulevard Cypress(right)/Decor/2 3/2 1/1/100/2/{{i18n: Nano_BoulevardCypress_Right.name}}/0/Mods\\{{ModID}}\\Nano_BoulevardCypress_Right/false/collection_NanoDecor",
			"Nano_RevolutionGold_Left": "Nano-Revolution Gold(left)/Decor/2 3/2 1/1/100/2/{{i18n: Nano_RevolutionGold_Left.name}}/0/Mods\\{{ModID}}\\Nano_RevolutionGold_Left/false/collection_NanoDecor",
			"Nano_RevolutionGold_Right": "Nano-Revolution Gold(right)/Decor/2 3/2 1/1/100/2/{{i18n: Nano_RevolutionGold_Right.name}}/0/Mods\\{{ModID}}\\Nano_RevolutionGold_Right/false/collection_NanoDecor",
			"Nano_SyzygiumHancei_Left": "Nano-Syzygium Hancei(left)/Decor/2 3/2 1/1/100/2/{{i18n: Nano_SyzygiumHancei_Left.name}}/0/Mods\\{{ModID}}\\Nano_SyzygiumHancei_Left/false/collection_NanoDecor",
			"Nano_SyzygiumHancei_Right": "Nano-Syzygium Hancei(right)/Decor/2 3/2 1/1/100/2/{{i18n: Nano_SyzygiumHancei_Right.name}}/0/Mods\\{{ModID}}\\Nano_SyzygiumHancei_Right/false/collection_NanoDecor",
			"Nano_CommonBush_Left": "Nano-Common Bush(left)/Decor/3 3/3 1/1/100/2/{{i18n: Nano_CommonBush_Left.name}}/0/Mods\\{{ModID}}\\Nano_CommonBush_Left/false/collection_NanoDecor",
			"Nano_CommonBush_Right": "Nano-Common Bush(right)/Decor/3 3/3 1/1/100/2/{{i18n: Nano_CommonBush_Right.name}}/0/Mods\\{{ModID}}\\Nano_CommonBush_Right/false/collection_NanoDecor",
			"Nano_Gardenia": "Nano-Gardenia/Decor/3 3/3 1/1/100/2/{{i18n: Nano_Gardenia.name}}/0/Mods\\{{ModID}}\\Nano_Gardenia/false/collection_NanoDecor",
			"Nano_Gardenia_Small": "Nano-Gardenia(Small)/Decor/2 3/2 1/1/100/2/{{i18n: Nano_Gardenia_Small.name}}/0/Mods\\{{ModID}}\\Nano_Gardenia_Small/false/collection_NanoDecor",
			"Nano_Azalea": "Nano-Azalea/Decor/3 3/3 1/1/100/2/{{i18n: Nano_Azalea.name}}/0/Mods\\{{ModID}}\\Nano_Azalea/false/collection_NanoDecor",
			"Nano_Azalea_Small": "Nano-Azalea(Small)/Decor/2 3/2 1/1/100/2/{{i18n: Nano_Azalea_Small.name}}/0/Mods\\{{ModID}}\\Nano_Azalea_Small/false/collection_NanoDecor",
			"Nano_EndlessSummer": "Nano-EndlessSummer/Decor/3 3/3 1/1/100/2/{{i18n: Nano_EndlessSummer.name}}/0/Mods\\{{ModID}}\\Nano_EndlessSummer/false/collection_NanoDecor",
			"Nano_EndlessSummer_Small": "Nano-EndlessSummer(Samll)/Decor/2 3/2 1/1/100/2/{{i18n: Nano_EndlessSummer_Small.name}}/0/Mods\\{{ModID}}\\Nano_EndlessSummer_Small/false/collection_NanoDecor",
			"Nano_Annabelle": "Nano-Annabelle/Decor/3 3/3 1/1/100/2/{{i18n: Nano_Annabelle.name}}/0/Mods\\{{ModID}}\\Nano_Annabelle/false/collection_NanoDecor",
			"Nano_Annabelle_Small": "Nano-Annabelle(Small)/Decor/2 3/2 1/1/100/2/{{i18n: Nano_Annabelle_Small.name}}/0/Mods\\{{ModID}}\\Nano_Annabelle_Small/false/collection_NanoDecor",
			"Nano_AlumRoot_Green": "Nano-Alum Root(Green)/Decor/3 2/3 1/1/100/2/{{i18n: Nano_AlumRoot_Green.name}}/0/Mods\\{{ModID}}\\Nano_AlumRoot_Green/false/collection_NanoDecor",
			"Nano_AlumRoot_Red": "Nano-Alum Root(Red)/Decor/3 2/3 1/1/100/2/{{i18n: Nano_AlumRoot_Red.name}}/0/Mods\\{{ModID}}\\Nano_AlumRoot_Red/false/collection_NanoDecor",
			"Nano_PlantainLily": "Nano-PlantainLily/Decor/3 2/3 1/1/100/2/{{i18n: Nano_PlantainLily.name}}/0/Mods\\{{ModID}}\\Nano_PlantainLily/false/collection_NanoDecor",
			"Nano_PlantainLily_Blue": "Nano-PlantainLily(Blue)/Decor/3 2/3 1/1/100/2/{{i18n: Nano_PlantainLily_Blue.name}}/0/Mods\\{{ModID}}\\Nano_PlantainLily_Blue/false/collection_NanoDecor",
			"Nano_ChineseWistaria_White": "Nano-Chinese Wistaria White/Decor/8 7/7 1/1/100/2/{{i18n: Nano_ChineseWistaria_White.name}}/0/Mods\\{{ModID}}\\Nano_ChineseWistaria_White/false/collection_NanoDecor",
			"Nano_ChineseWistaria_White_Left": "Nano-Chinese Wistaria White(Left)/Decor/8 7/7 1/1/100/2/{{i18n: Nano_ChineseWistaria_white_left.name}}/0/Mods\\{{ModID}}\\Nano_ChineseWistaria_White_Left/false/collection_NanoDecor",
			"Nano_Crape_Myrtle": "Nano-Crape_Myrtle/Decor/4 5/4 1/1/100/2/{{i18n: Nano_Crape_Myrtle.name}}/0/Mods\\{{ModID}}\\Nano_Crape_Myrtle/false/collection_NanoDecor",
			"Nano_Jasmine": "Nano-Jasmine/Decor/4 5/4 1/1/100/2/{{i18n: Nano_Jasmine.name}}/0/Mods\\{{ModID}}\\Nano_Jasmine/false/collection_NanoDecor",

			//Lamp-entries
			"Nano_BoulevardCypress_Left_Lamp": "Nano-Boulevard Cypress Lamp(left)/Lamp/2 3/2 1/1/100/2/{{i18n: Nano_BoulevardCypress_Left_Lamp.name}}/0/Mods\\{{ModID}}\\Nano_BoulevardCypress_Left_Lamp/false/collection_NanoDecor",
			"Nano_BoulevardCypress_Right_Lamp": "Nano-Boulevard Cypress Lamp(right)/Lamp/2 3/2 1/1/100/2/{{i18n: Nano_BoulevardCypress_Right_Lamp.name}}/0/Mods\\{{ModID}}\\Nano_BoulevardCypress_Right_Lamp/false/collection_NanoDecor",
			"Nano_SyzygiumHancei_Left_Lamp": "Nano-Syzygium Hancei Lamp(left)/Lamp/2 3/2 1/1/100/2/{{i18n: Nano_SyzygiumHancei_Left_Lamp.name}}/0/Mods\\{{ModID}}\\Nano_SyzygiumHancei_Left_Lamp/false/collection_NanoDecor",
			"Nano_SyzygiumHancei_Right_Lamp": "Nano-Syzygium Hancei Lamp(right)/Lamp/2 3/2 1/1/100/2/{{i18n: Nano_SyzygiumHancei_Right_Lamp.name}}/0/Mods\\{{ModID}}\\Nano_SyzygiumHancei_Right_Lamp/false/collection_NanoDecor",
			"Nano_RevolutionGold_Left_Lamp": "Nano-Revolution Gold Lamp(left)/Lamp/2 3/2 1/1/100/2/{{i18n: Nano_RevolutionGold_Left_Lamp.name}}/0/Mods\\{{ModID}}\\Nano_RevolutionGold_Left_Lamp/false/collection_NanoDecor",
			"Nano_RevolutionGold_Right_Lamp": "Nano-Revolution Gold Lamp(right)/Lamp/2 3/2 1/1/100/2/{{i18n: Nano_RevolutionGold_Right_Lamp.name}}/0/Mods\\{{ModID}}\\Nano_RevolutionGold_Right_Lamp/false/collection_NanoDecor",
			"Nano_CommonBush_Left_Lamp": "Nano-Common Bush Lamp(left)/Lamp/3 3/3 1/1/100/2/{{i18n: Nano_CommonBush_Left_Lamp.name}}/0/Mods\\{{ModID}}\\Nano_CommonBush_Left_Lamp/false/collection_NanoDecor",
			"Nano_CommonBush_Right_Lamp": "Nano-Common Bush Lamp(right)/Lamp/3 3/3 1/1/100/2/{{i18n: Nano_CommonBush_Right_Lamp.name}}/0/Mods\\{{ModID}}\\Nano_CommonBush_Right_Lamp/false/collection_NanoDecor",
			"Nano_Bamboo_Lamp": "Nano-Bamboo Lamp/Lamp/5 7/4 1/1/100/2/{{i18n: Nano_Bamboo_Lamp.name}}/0/Mods\\{{ModID}}\\Nano_Bamboo_Lamp/false/collection_NanoDecor",
			"Nano_ChineseWistaria_Lamp": "Nano-Chinese Wistaria Lamp/Lamp/8 7/7 1/1/100/2/{{i18n: Nano_ChineseWistaria_Lamp.name}}/0/Mods\\{{ModID}}\\Nano_ChineseWistaria_Lamp/false/collection_NanoDecor",
			"Nano_ChineseWistaria_Lamp_Left": "Nano-Chinese Wistaria Lamp(Left)/Lamp/8 7/7 1/1/100/2/{{i18n: Nano_ChineseWistaria_Lamp_Left.name}}/0/Mods\\{{ModID}}\\Nano_ChineseWistaria_Lamp_Left/false/collection_NanoDecor",
			"Nano_ChineseWistaria_White_Lamp": "Nano-Chinese Wistaria White Lamp/Lamp/8 7/7 1/1/100/2/{{i18n: Nano_ChineseWistaria_White_Lamp.name}}/0/Mods\\{{ModID}}\\Nano_ChineseWistaria_White_Lamp/false/collection_NanoDecor",
			"Nano_ChineseWistaria_White_Lamp_Left": "Nano-Chinese Wistaria White Lamp(Left)/Lamp/8 7/7 1/1/100/2/{{i18n: Nano_ChineseWistaria_White_Lamp_Left.name}}/0/Mods\\{{ModID}}\\Nano_ChineseWistaria_White_Lamp_Left/false/collection_NanoDecor",
			"Nano_FlorescentGoldenRainTree_Lamp": "Nano-Florescent Golden Rain Tree Lamp/Lamp/4 6/4 1/1/100/2/{{i18n: Nano_FlorescentGoldenRainTree_Lamp.name}}/0/Mods\\{{ModID}}\\Nano_FlorescentGoldenRainTree_Lamp/false/collection_NanoDecor",
			"Nano_GoldenRainTree_Lamp": "Nano-Golden Rain Tree Lamp/Lamp/4 6/4 1/1/100/2/{{i18n: Nano_GoldenRainTree_Lamp.name}}/0/Mods\\{{ModID}}\\Nano_GoldenRainTree_Lamp/false/collection_NanoDecor",
			"Nano_CommonTree_Lamp": "Nano-Common Tree Lamp/Lamp/4 6/4 1/1/100/2/{{i18n: Nano_CommonTree_Lamp.name}}/0/Mods\\{{ModID}}\\Nano_CommonTree_Lamp/false/collection_NanoDecor",
			"Nano_JacarandaTree_Left_Lamp": "Nano-Jacaranda Tree Lamp(left)/Lamp/4 6/3 1/1/100/2/{{i18n: Nano_JacarandaTree_Left_Lamp.name}}/0/Mods\\{{ModID}}\\Nano_JacarandaTree_Left_Lamp/false/collection_NanoDecor",
			"Nano_JacarandaTree_Right_Lamp": "Nano-Jacaranda Tree Lamp(right)/Lamp/4 6/3 1/1/100/2/{{i18n: Nano_JacarandaTree_Right_Lamp.name}}/0/Mods\\{{ModID}}\\Nano_JacarandaTree_Right_Lamp/false/collection_NanoDecor",
			"Nano_Sakura_Lamp": "Nano-Sakura Lamp/Lamp/6 5/4 1/1/100/2/{{i18n: Nano_Sakura_Lamp.name}}/0/Mods\\{{ModID}}\\Nano_Sakura_Lamp/false/collection_NanoDecor",
			"Nano_Sakura_Light_Lamp": "Nano-Sakura Lamp(Light Color)/Lamp/6 5/4 1/1/100/2/{{i18n: Nano_Sakura_Light_Lamp.name}}/0/Mods\\{{ModID}}\\Nano_Sakura_Light_Lamp/false/collection_NanoDecor",
			"Nano_Privet_Left_Lamp": "Nano-Privet Lamp(left)/Lamp/4 6/3 1/1/100/2/{{i18n: Nano_Privet_Left_Lamp.name}}/0/Mods\\{{ModID}}\\Nano_Privet_Left_Lamp/false/collection_NanoDecor",
			"Nano_Privet_Right_Lamp": "Nano-Privet Lamp(right)/Lamp/4 6/3 1/1/100/2/{{i18n: Nano_Privet_Right_Lamp.name}}/0/Mods\\{{ModID}}\\Nano_Privet_Right_Lamp/false/collection_NanoDecor",

			//Swing-entries
			"Nano_Sakura_Swing": "Nano-Sakura Swing/bench/6 5/4 1/1/100/2/{{i18n: Nano_Sakura_Swing.name}}/0/Mods\\{{ModID}}\\Nano_Sakura_Swing/false/collection_NanoDecor",
			"Nano_ChineseWistaria_Swing": "Nano-Chinese Wistaria Swing/bench/8 7/7 1/1/100/2/{{i18n: Nano_ChineseWistaria_Swing.name}}/0/Mods\\{{ModID}}\\Nano_ChineseWistaria_Swing/false/collection_NanoDecor",
			"Nano_ChineseWistaria_Swing_Left": "Nano-Chinese Wistaria Swing(Left)/bench/8 7/7 1/1/100/2/{{i18n: Nano_ChineseWistaria_Swing_Left.name}}/0/Mods\\{{ModID}}\\Nano_ChineseWistaria_Swing_Left/false/collection_NanoDecor",
			"Nano_ChineseWistaria_White_Swing": "Nano-Chinese Wistaria White Swing/bench/8 7/7 1/1/100/2/{{i18n: Nano_ChineseWistaria_White_Swing.name}}/0/Mods\\{{ModID}}\\Nano_ChineseWistaria_White_Swing/false/collection_NanoDecor",
			"Nano_ChineseWistaria_White_Swing_Left": "Nano-Chinese Wistaria White Swing(Left)/bench/8 7/7 1/1/100/2/{{i18n: Nano_ChineseWistaria_White_Swing_Left.name}}/0/Mods\\{{ModID}}\\Nano_ChineseWistaria_White_Swing_Left/false/collection_NanoDecor"
		}
		}
  ]
}
