﻿[
	{
		"ProducerName": "ProducerName", //Name of the producer to look for. It will match the first big craftable it finds. Will be ignored if ProducerQualifiedItemId is defined. It's a legacy property, you should use ProducerQualifiedItemId instead.
		"ProducerQualifiedItemId": "(BC)12", //The QualifiedItemId of the producer. It's required if no ProducerName is defined.
		"AdditionalProducerNames": [ "ProducerName2", "ProducerName3" ], //Additional names of the producer. The config will be completely copied to the producer names in the list.
		"AdditionalProducerQualifiedItemId": [ "(BC)15", "(BC)16" ], //Additional qualified item ids of the producer. The config will be completely copied to the producer quilified item ids in the list.
		"AlternateFrameProducing": true, //If the producer should use the alternate frame when producing.
		"AlternateFrameWhenReady": true, //If the producer should use the alternate frame and ready for harvest.
		"DisableBouncingAnimationWhileWorking": false, // If the producer bouncing animation while working should be disabled.
		"AllowFairyDust": false, // If the producer should allow fairy dust use to speed up the producer. Default is true. Will work even if no producer configuration is defined. To disable fairy dust you need a producer config setting this property to false. This is to keep legacy behavior.
		"NoInputStartMode": "Placement", // [Placement|DayUpdate] //If the machine has a value for this property, it can only have one ProducerRule without a InputIdentifier. If Placement, the machine will start on placement, and will restart every time the produced object is taken out. If DayUpdate, the machine will start at the begin of the day. Default is null.
		"IncrementStatsOnOutput": { //Pairs of "stats:object" that identify what should be incremented.
			"GoatCheeseMade": "Goat Cheese", //First value is the stats to be incremented, second value is which output should be produced for the stat to be incremented. The identifier can be the index, name, category or context tag of the output. Will increment the stats by the amount of the stack.
			"CheeseMade": null //If the identifier is null, any output will match.
		},
		"IncrementStatsLabelOnOutput": { //Pairs of "statsLabel:object" that identify what should be incremented. You can add your own custom stats label. MFM also support stats label for conditions. Default is null.
			"timesEnchanted": "Magic Bait", //First value is the stats label to be incremented, second value is which output should be produced for the stat to be incremented. The identifier can be the index, name, category or context tag of the output. Will increment the stats label by the amount of the stack.
			"modId.myItemProduced": null //If the identifier is null, any output will match.
		},
		"MultipleStatsIncrement": true, //If all stats that match should be incremented. If false, just the first match will be increased. Default is false.
		"LightSource": { // Defines the light source the producer should use when working. Default is null.
			"TextureIndex": 4, // Shape of the light source. All vanilla machines uses "sconceLight". 1=lantern, 2=windowLight, 4=sconceLight, 5=cauldronLight, 6=indoorWindowLight, 7=projectorLight. Default is 4.
			"Radius": 1.5, // The actual size of the light source depends on the texture used. Default is 1.5 (the size of the furnace light source with the sconceLight texture)
			"OffsetX": 0, // The horizontal offset from the center of the producer tile. Default is 0.
			"OffsetY": 0, // The vertical offset from the top of the producer tile. Default is 0.
			"ColorType": "DefinedColor", // [ObjectColor|ObjectDyeColor|DefinedColor] If ObjectColor and the output is a colored object, it will use the color of the output. If ObjectDyeColor and the output has a dye color, it will use this color. If DefinedColor or it doesn't find the color on the other options, it will create the color based on the Red, Green and Blue values.
			"ColorRed": 255, // The red value of the light color. Default is 255.
			"ColorGreen": 255, // The green value of the light color. Default is 255.
			"ColorBlue": 255, // The blue value of the light color. Default is 255.
			"ColorAlpha": 255, // The transparency value of the light color. 0 is fully transparent, 255 is fully opaque. Default is 255.
			"ColorFactor": 0.75, // The factor that will multiply all other colors parameters. Default is 1.
			"AlwaysOn": true // If true, the light source will be lit even while not producing. Default is false. 
		},
		"WorkingTime": { // If a value is defined, the machine will only produce during this period. Production will be on hold out of this period. Default is working any time.
			"Begin": 600, //Format [HHmm]. The time from which the machine can start producing. Default is 0
			"End": 1800 //Format [HHmm]. The time at which the machine stop producing. Default is 0
		},
		"WorkingWeather": [ "Rainy", "Stormy" ], // [Sunny|Rainy|Stormy|Snowy|Windy] The weathers in which the machine works. Default is working in any weather.
		"WorkingLocation": [ "Barn", "Big Barn", "Deluxe Barn" ], // The locations in which the machine will work. Can be any map of building. Default is working in any location. 
		"WorkingOutdoors": true, // [true|false|null] If true, the machine will only work outdoor. If false, the machine will only work indoor. If the line is removed or the value is null, it will work on both kind of location.
		"WorkingSeason": [ "spring", "summer", "fall" ], // The seasons in which the machine will work. Different than other conditions, season clean the machine at the start of the day if in a not working season. The default is working in any season. 
		"OverrideMod": [ "IdOfTheMod.ToOverride" ], //If defined, this config can override the configs for the same producer from the mods in the list. Otherwise the first one to be loaded will be used.
		"ProducingAnimation": { // Set a configuration for animating the producing state of the machine. Default is null.
			"RelativeFrameIndex": [ 2, 3, 4, 5, 6, 7 ], //Index and order of the frames that should be used for the animation. Index start at zero, the base frame and index of the non producing state. Extra frames are content from that frame. Extra frames can be added with Json Assets or Content Patcher.
			"FrameInterval": 10, // Amount of game ticks between frames. Default is 10
			"AdditionalAnimations": { //Animation that should be played depending on the object inside the machine. Pair of output identifier and list of frames. Identifier can be Name, Index or Category. Default is null.
				"Salmon": [ 8, 9, 10 ],
				"131": [ 8, 11, 12 ],
				"-4": [ 8, 13, 14 ]
			}
		},
		"ReadyAnimation": null //Set a configuration for animating the ready state of the machine. Same format of configuration as WorkingAnimation. Default is null.
	}
]
/* Additional Notes
 * Possible stats: [SeedsSown|ItemsShipped|ItemsCooked|ItemsCrafted|ChickenEggsLayed|DuckEggsLayed|CowMilkProduced|GoatMilkProduced|RabbitWoolProduced|SheepWoolProduced|CheeseMade|GoatCheeseMade|TrufflesFound|StoneGathered|RocksCrushed|DirtHoed|GiftsGiven|TimesUnconscious|AverageBedtime|TimesFished|FishCaught|BouldersCracked|StumpsChopped|StepsTaken|MonstersKilled|DiamondsFound|PrismaticShardsFound|OtherPreciousGemsFound|CaveCarrotsFound|CopperFound|IronFound|CoalFound|CoinsFound|GoldFound|IridiumFound|BarsSmelted|BeveragesMade|PreservesMade|PiecesOfTrashRecycled|MysticStonesCrushed|DaysPlayed|WeedsEliminated|SticksChopped|NotesFound|QuestsCompleted|StarLevelCropsShipped|CropsShipped|ItemsForaged|SlimesKilled|GeodesCracked|GoodFriends|IndividualMoneyEarned]
 * Vanilla stats label: [exMemoriesWiped|childrenTurnedToDoves|trashCansChecked|boatRidesToIsland|beachFarmSpawns|hardModeMonstersKilled|timesEnchanted]
 * Note that not all stats are correctly counted by the game.
 */