{
	"Changes": [
	{ 
		"Action": "EditData",
		"Target": "Data/Quests",
		"Entries": {
			"92800072": "Basic/{{i18n:AGE.Quest.Step5.title}}/{{i18n:AGE.Quest.Step5.text}}/{{i18n:AGE.Quest.Step5.objective}}/null/-1/0/-1/false",
			"92800082": "Basic/{{i18n:AGE.Quest.Step6.title}}/{{i18n:AGE.Quest.Step6.text}}/{{i18n:AGE.Quest.Step6.objective}}/null/-1/0/-1/false"
		}
	},
	
	{
        "Action": "EditData",
        "Target": "Characters/Dialogue/Gabriel",
	    "Entries": {
			"Wed4": "{{Random: {{i18n:AGE.Gabriel.Wed4.0}} 88 {{i18n:AGE.Gabriel.Wed4.1}} |inputSeparator=88}}"
		}
	},
	
	//Guild Expansion Initial Event
    {
        "Action": "EditData",
        "Target": "Data/Events/AdventureGuild",
		"When": { "HasMod": "supert.adventureguildexpanded" },
	    "Entries": {
			"9280001/j 15/n guildMember": "MarlonsTheme/7 11/farmer -1000 -1000 0 Marlon 7 13 2 Robin 6 15 0 Wizard -1000 -1000 0/addQuest 9280001/ignoreCollisions farmer/skippable/pause 1000/emote Robin 36/pause 200/pause 300/speak Robin \"{{i18n:AGE.IntroEvent.0}}\"/pause 200/emote Marlon 28/speak Marlon \"{{i18n:AGE.IntroEvent.1}}\"/pause 500/warp farmer 6 19/playSound doorClose/pause 200/move farmer 0 -1 0/pause 200/faceDirection Robin 2/pause 400/speak Robin \"{{i18n:AGE.IntroEvent.2}}\"/pause 400/speak Marlon \"{{i18n:AGE.IntroEvent.3}}\"/move Marlon 0 2 3 true/pause 200/speak Marlon \"{{i18n:AGE.IntroEvent.4}}\"/pause 300/emote Robin 16/pause 200/speak Robin \"{{i18n:AGE.IntroEvent.5}}\"/pause 300/speak Marlon \"{{i18n:AGE.IntroEvent.6}}\"/pause 300/emote farmer 32/pause 200/speak Marlon \"{{i18n:AGE.IntroEvent.7}}\"/faceDirection Robin 1/pause 200/speak Robin \"{{i18n:AGE.IntroEvent.8}}\"/pause 200/emote Marlon 40/pause 200/speak Marlon \"{{i18n:AGE.IntroEvent.9}}\"/pause 300/textAboveHead Robin \"{{i18n:AGE.IntroEvent.10}}\"/pause 250/faceDirection Robin 0/pause 500/faceDirection Robin 3/pause 500/faceDirection Robin 2/pause 500/faceDirection Robin 1/pause 200/speak Robin \"{{i18n:AGE.IntroEvent.11}}\"/pause 200/emote Marlon 16 true/jump Marlon/pause 500/speak Marlon \"{{i18n:AGE.IntroEvent.12}}\"/speak Robin \"{{i18n:AGE.IntroEvent.13}}\"/pause 400/emote Marlon 40/pause 200/move farmer 1 0 0/move farmer 0 -1 0/emote farmer 32/pause 200/speak Marlon \"{{i18n:AGE.IntroEvent.14}}\"/pause 300/speak Marlon \"{{i18n:AGE.IntroEvent.15}}\"/pause 300/emote farmer 32/faceDirection Robin 2/speak Robin \"{{i18n:AGE.IntroEvent.16}}\"/pause 200/speak Marlon \"{{i18n:AGE.IntroEvent.17}}\"/pause 400/speak Wizard \"{{i18n:AGE.IntroEvent.18}}\"/pause 300/faceDirection farmer 2 true/emote farmer 8 true/emote Marlon 8 true/emote Robin 8/pause 300/playSound wand/screenFlash 3/warp Wizard 6 17/playMusic WizardSong/pause 500/faceDirection farmer 3 true/emote Marlon 16/pause 200/speak Marlon \"{{i18n:AGE.IntroEvent.19}}\"/pause 300/speak Wizard \"{{i18n:AGE.IntroEvent.20}}\"/pause 300/faceDirection Wizard 1/pause 200/speak Wizard \"{{i18n:AGE.IntroEvent.21}}\"/pause 200/faceDirection farmer 3/emote farmer 32/pause 200/emote Robin 60/pause 200/faceDirection Wizard 0 true/speak Robin \"{{i18n:AGE.IntroEvent.22}}\"/faceDirection farmer 0/pause 300/speak Wizard \"{{i18n:AGE.IntroEvent.23}}\"/pause 200/emote Robin 8/pause 200/speak Robin \"{{i18n:AGE.IntroEvent.24}}\"/pause 300/speak Wizard \"{{i18n:AGE.IntroEvent.25}}\"/pause 300/speak Robin \"{{i18n:AGE.IntroEvent.26}}\"/pause 300/speak Wizard \"{{i18n:AGE.IntroEvent.27}}\"/pause 300/speak Marlon \"{{i18n:AGE.IntroEvent.28}}\"/pause 200/speak Wizard \"{{i18n:AGE.IntroEvent.29}}\"/pause 300/speak Robin \"{{i18n:AGE.IntroEvent.30}}\"/pause 200/speak Wizard \"{{i18n:AGE.IntroEvent.31}}\"/pause 200/speak Robin \"{{i18n:AGE.IntroEvent.32}}\"/pause 200/speak Robin \"{{i18n:AGE.IntroEvent.33}}\"/pause 300/emote farmer 56/pause 200/speak Marlon \"{{i18n:AGE.IntroEvent.34}}\"/emote farmer 32/pause 200/textAboveHead Robin \"{{i18n:AGE.IntroEvent.35}}\"/pause 1500/end"
			}
    },
	//Robin's Almost Done!
	{
        "Action": "EditData",
        "Target": "Data/Events/Farm",
		"When": {"HasActiveQuest: hostPlayer |contains=9280002": "true" },
	    "Entries": {
			"9280002": "continue/64 15/farmer -1000 -1000 2 Robin 64 17 0/mail FinishedGuild/money 1000/skippable/pause 1000/emote Robin 16/pause 200/speak Robin \"{{i18n:AGE.RobinAlmostDone.0}}\"/pause 200/emote farmer 8/pause 200/speak Robin \"{{i18n:AGE.RobinAlmostDone.1}}\"/pause 300/speak Robin \"{{i18n:AGE.RobinAlmostDone.2}}\"/pause 200/emote farmer 32/pause 200/speak Robin \"{{i18n:AGE.RobinAlmostDone.3}}\"/playSound money/message \"{{i18n:AGE.RobinAlmostDone.4}}\"/pause 300/speak Robin \"{{i18n:AGE.RobinAlmostDone.5}}\"/pause 200/emote farmer 32/pause 200/speak Robin \"{{i18n:AGE.RobinAlmostDone.6}}\"/pause 500/end"
			}
    },
	
	//The Deciding Factor
	{
        "Action": "EditData",
        "Target": "Data/Events/Custom_GE_MonsterResearchWing",
	    "Update": "OnTimeChange, OnLocationChange",
	    "Entries": {
            "9280008/e 9280006/i supert_SlimeSoul": "GabrielTheme/8 10/farmer -1000 -1000 0 Gabriel 5 11 0 Zinnia -1000 -1000 2 Silly -1000 -1000 2/showFrame Gabriel 40/positionOffset Gabriel -25 10/playSound questcomplete/removeQuest 9280006/removeItem supert_SlimeSoul/pause 2000/emote Gabriel 24/pause 300/speak Gabriel \"{{i18n:AGE.DecidingFactor.0}}\"/pause 500/warp farmer 5 15/playSound doorClose/showFrame Gabriel 39/emote Gabriel 16/move farmer 0 -2 0 true/pause 300/showFrame Gabriel 41/pause 200/speak Gabriel \"{{i18n:AGE.DecidingFactor.1}}\"/pause 300/showFrame Gabriel 39/pause 300/playSound dwop/warp Gabriel 4 11/showFrame Gabriel 12/pause 250/faceDirection Gabriel 2/pause 200/move Gabriel 0 1 1/move Gabriel 1 0 2/pause 200/speak Gabriel \"{{i18n:AGE.DecidingFactor.2}}\"/pause 400/quickQuestion {{i18n:AGE.DecidingFactor.3}}(break)speak Gabriel \"{{i18n:AGE.DecidingFactor.4}}\"(break)speak Gabriel \"{{i18n:AGE.DecidingFactor.5}}\"/speak Gabriel \"{{i18n:AGE.DecidingFactor.6}}\"/pause 300/fade/viewport 1000 1000/beginSimultaneousCommand/warp Gabriel 17 6/doAction 17 9/faceDirection Gabriel 0/warp farmer 18 6/endSimultaneousCommand/fade/viewport 14 5/pause 1500/move Gabriel 0 -1 0/shake Gabriel 250/playSound pickUpItem/addTemporaryActor SoulIncubatorGE 16 32 17 4 2 false/pause 200/faceDirection Gabriel 2/speak Gabriel \"{{i18n:AGE.DecidingFactor.7}}\"/emote farmer 60/speak Gabriel \"{{i18n:AGE.DecidingFactor.8}}\"/pause 300/move Gabriel 0 1 3/move Gabriel -1 0 1/speak Gabriel \"{{i18n:AGE.DecidingFactor.9}}\"/move farmer 0 -1 3/startJittering/playSound pickUpItem/addTemporaryActor SlimeSoulGE 16 16 17 5 2 false/pause 250/stopJittering/pause 100/move farmer 0 1 3/move farmer -1 0 3/speak Gabriel \"{{i18n:AGE.DecidingFactor.10}}\"/pause 200/faceDirection farmer 0 true/faceDirection Gabriel 0/pause 600/emote farmer 40/pause 1000/speak Gabriel \"{{i18n:AGE.DecidingFactor.11}}\"/pause 1000/playMusic ZinniaTheme/pause 1000/warp Zinnia 8 5/playSound doorClose/pause 500/speed Zinnia 5/textAboveHead Zinnia \"{{i18n:AGE.DecidingFactor.12}}\"/faceDirection farmer 2 true/faceDirection Gabriel 2 true/move Zinnia 0 6 2 true/pause 1500/speak Gabriel \"{{i18n:AGE.DecidingFactor.13}}\"/speak Zinnia \"{{i18n:AGE.DecidingFactor.14}}\"/pause 300/textAboveHead Gabriel \"{{i18n:AGE.DecidingFactor.15}}\"/pause 600/faceDirection Zinnia 1 true/speak Gabriel \"{{i18n:AGE.DecidingFactor.16}}\"/pause 400/jump Zinnia/pause 400/viewport move 1 0 3000/speed Zinnia 5/move Zinnia 4 0 2/speed Zinnia 5/move Zinnia 0 1 1/speed Zinnia 5/move Zinnia 5 0 0/speed Zinnia 5/move Zinnia 0 -5 0 true/pause 500/speak Zinnia \"{{i18n:AGE.DecidingFactor.17}}\"/pause 500/speed Zinnia 5/move Zinnia -1 0 0/shake Zinnia 250/playSound pickUpItem/pause 500/speak Gabriel \"{{i18n:AGE.DecidingFactor.18}}\"/emote Zinnia 56/speak Zinnia \"{{i18n:AGE.DecidingFactor.19}}\"/speak Gabriel \"{{i18n:AGE.DecidingFactor.20}}\"/stopMusic/pause 600/glow 100 255 255/pause 200/playSound healSound/faceDirection Gabriel 0 true/faceDirection farmer 0 true/emote Zinnia 16 true/emote Gabriel 16 true/emote farmer 16 true/pause 1000/speak Gabriel \"{{i18n:AGE.DecidingFactor.21}}\"/pause 300/jump Zinnia/speak Zinnia \"{{i18n:AGE.DecidingFactor.22}}\"/speed Zinnia 5/move Zinnia 2 0 0/speed Zinnia 5/move Zinnia 0 -1 0/pause 200/glow 100 255 255/pause 200/playSound healSound/pause 200/glow 100 255 255/pause 200/playSound healSound/pause 200/speak Zinnia \"{{i18n:AGE.DecidingFactor.23}}\"/pause 200/glow 100 255 255/pause 200/playSound healSound/pause 200/glow 100 255 255/pause 200/playSound healSound/pause 200/glow 100 255 255/pause 200/playSound healSound/pause 200/glow 100 255 255/pause 200/playSound healSound/pause 500/playSound wand/screenFlash 3/warp SlimeSoulGE -1000 -1000/warp Silly 17 5/pause 200/playSound slimedead/pause 200/emote Gabriel 16 true/emote farmer 16 true/emote Zinnia 20/pause 100/speed farmer 7/speed Gabriel 5/move Gabriel 0 1 0 true/move farmer 0 1 0 false/pause 300/jump Zinnia/move Zinnia 0 -1 3 true/pause 200/speak Zinnia \"{{i18n:AGE.DecidingFactor.24}}\"/playMusic echos/speak Gabriel \"{{i18n:AGE.DecidingFactor.25}}\"/faceDirection Zinnia 2/speak Zinnia \"{{i18n:AGE.DecidingFactor.26}}\"/pause 300/playSound slimeHit/emote Silly 28 true/pause 200/playSound slimeHit/pause 400/speak Silly \"{{i18n:AGE.DecidingFactor.27}}\"/speak Gabriel \"{{i18n:AGE.DecidingFactor.28}}\"/pause 200/emote Zinnia 12/move Zinnia 0 1 3/speak Zinnia \"{{i18n:AGE.DecidingFactor.29}}\"/move Gabriel 0 -1 1/speak Gabriel \"{{i18n:AGE.DecidingFactor.30}}\"/jump Zinnia/pause 200/speak Zinnia \"{{i18n:AGE.DecidingFactor.31}}\"/speak Gabriel \"{{i18n:AGE.DecidingFactor.32}}\"/pause 200/speak Gabriel \"{{i18n:AGE.DecidingFactor.33}}\"/pause 200/jump Zinnia/pause 200/speak Zinnia \"{{i18n:AGE.DecidingFactor.34}}\"/pause 200/speak Gabriel \"{{i18n:AGE.DecidingFactor.35}}\"/pause 300/emote Zinnia 28/pause 200/faceDirection Zinnia 2/speak Zinnia \"{{i18n:AGE.DecidingFactor.36}}\"/faceDirection Gabriel 2/speak Gabriel \"{{i18n:AGE.DecidingFactor.37}}\"/pause 500/textAboveHead Zinnia \"{{i18n:AGE.DecidingFactor.38 |PlayerName={{PlayerName}} }}\"/pause 2000/textAboveHead Gabriel \"{{i18n:AGE.DecidingFactor.39 |PlayerName={{PlayerName}} }}\"/pause 1200/speak Zinnia \"{{i18n:AGE.DecidingFactor.40}}\"/pause 600/quickQuestion {{i18n:AGE.DecidingFactor.41}}(break)switchEvent 9280008_gabe(break)switchEvent 9280008_zinnia",
			"9280008_gabe": "playMusic sadpiano/mailReceived choseGabriel/addQuest 92800071/addCraftingRecipe supert_FrozenSlimeSoul/addCraftingRecipe supert_FireSlimeSoul/pause 500/emote Gabriel 32 true/emote Zinnia 28/speak Gabriel \"{{i18n:AGE.DecidingFactor.Gabe.0}}\"/faceDirection Zinnia 3/speak Zinnia \"{{i18n:AGE.DecidingFactor.Gabe.1}}\"/faceDirection Gabriel 1/speak Gabriel \"{{i18n:AGE.DecidingFactor.Gabe.2}}\"/move Gabriel 0 -1 1/pause 500/shake Gabriel 250/showFrame Silly 17/playSound clank/pause 100/playSound slimedead/pause 600/move farmer 0 -1 0/faceDirection Zinnia 0/pause 200/emote Zinnia 28/pause 200/jump Zinnia/pause 400/speed Zinnia 5/textAboveHead Zinnia \"{{i18n:AGE.DecidingFactor.Gabe.3}}\"/move Zinnia 0 1 3/speed Zinnia 5/move Zinnia -1 0 0/faceDirection farmer 2 true/speed Zinnia 5/move Zinnia 0 5 3/speed Zinnia 5/move Zinnia -5 0 0/speed Zinnia 5/move Zinnia 0 -1 3/speed Zinnia 5/move Zinnia -4 0 0/speed Zinnia 5/move Zinnia 0 -6 0/warp Zinnia -1000 -1000/playSound doorClose/pause 300/emote farmer 60/move Gabriel 0 1 1/pause 200/faceDirection farmer 3 true/speak Gabriel \"{{i18n:AGE.DecidingFactor.Gabe.4}}\"/pause 200/playSound slime/showFrame Silly 18/speak Gabriel \"{{i18n:AGE.DecidingFactor.Gabe.5}}\"/faceDirection Gabriel 0/faceDirection farmer 0/pause 250/speak Gabriel \"{{i18n:AGE.DecidingFactor.Gabe.6}}\"/faceDirection Gabriel 1 true/faceDirection farmer 3/speak Gabriel \"{{i18n:AGE.DecidingFactor.Gabe.7}}\"/speak Gabriel \"{{i18n:AGE.DecidingFactor.Gabe.8}}\"/shake Gabriel 250/playSound money/pause 400/message \"{{i18n:AGE.DecidingFactor.Gabe.9}}\"/pause 500/speak Gabriel \"{{i18n:AGE.DecidingFactor.Gabe.10}}\"/emote farmer 32/faceDirection farmer 0 true/faceDirection Gabriel 0/pause 300/shake Silly 500/playSound slimedead/emote Silly 28/pause 1000/speak Gabriel \"{{i18n:AGE.DecidingFactor.Gabe.11}}\"/fade/viewport -2000 -1000/pause 1000/playSound achievement/message \"{{i18n:AGE.DecidingFactor.Gabe.12}}\"/pause 500/playSound questcomplete/message \"{{i18n:AGE.DecidingFactor.Gabe.13}}\"/pause 1000/end dialogue Gabriel \"{{i18n:AGE.DecidingFactor.Gabe.14}}\"",
			"9280008_zinnia": "playMusic SettlingIn/mailReceived choseZinnia/mailReceived sillyExists/addQuest 92800072/pause 500/emote Zinnia 20 true/emote Gabriel 12/speak Zinnia \"{{i18n:AGE.DecidingFactor.Zinnia.0}}\"/pause 200/playSound slimeHit/speak Silly \"{{i18n:AGE.DecidingFactor.Zinnia.1}}\"/pause 500/faceDirection Gabriel 1/speak Gabriel \"{{i18n:AGE.DecidingFactor.Zinnia.2}}\"/faceDirection Zinnia 3/speak Zinnia \"{{i18n:AGE.DecidingFactor.Zinnia.3}}\"/pause 300/speak Gabriel \"{{i18n:AGE.DecidingFactor.Zinnia.4}}\"/speak Zinnia \"{{i18n:AGE.DecidingFactor.Zinnia.5}}\"/pause 300/emote Gabriel 12/textAboveHead Gabriel \"{{i18n:AGE.DecidingFactor.Zinnia.6}}\"/pause 1000/speak Gabriel \"{{i18n:AGE.DecidingFactor.Zinnia.7}}\"/faceDirection Gabriel 2/speak Gabriel \"{{i18n:AGE.DecidingFactor.Zinnia.8}}\"/jump Zinnia/speak Zinnia \"{{i18n:AGE.DecidingFactor.Zinnia.9}}\"/speak Gabriel \"{{i18n:AGE.DecidingFactor.Zinnia.10}}\"/pause 400/jump Zinnia/speak Zinnia \"{{i18n:AGE.DecidingFactor.Zinnia.11}}\"/pause 300/faceDirection Gabriel 1/speak Gabriel \"{{i18n:AGE.DecidingFactor.Zinnia.12}}\"/speak Zinnia \"{{i18n:AGE.DecidingFactor.Zinnia.13}}\"/pause 300/faceDirection Zinnia 2/speak Zinnia \"{{i18n:AGE.DecidingFactor.Zinnia.14}}\"/speak Zinnia \"{{i18n:AGE.DecidingFactor.Zinnia.15}}\"/emote farmer 32/pause 500/globalFade/viewport 2000 1000/pause 1000/playSound achievement/message \"{{i18n:AGE.DecidingFactor.Zinnia.16}}\"/pause 500/playSound achievement/message \"{{i18n:AGE.DecidingFactor.Zinnia.17}}\"/playSound questcomplete/message \"{{i18n:AGE.DecidingFactor.Zinnia.18}}\"/pause 1000/end dialogue Zinnia \"{{i18n:AGE.DecidingFactor.Zinnia.19}}\""
			}
    },
	
	//Zinnia Says Thanks
	{
        "Action": "EditData",
        "Target": "Data/Events/Farm",
		"When": { "HasSeenEvent: hostPlayer |contains=9280008": "true" },
	    "Entries": {
			//wizard incomplete
			"9280009/n choseZinnia/k 9280011": "ZinniaTheme/-1000 -1000/farmer 1000 1000 2 Zinnia -1000 -1000 0 Silly -1000 -1000 0/mailReceived sillyHere/addTemporaryActor BoxGE 16 32 63 16 2 false/warp farmer 64 15/warp Zinnia 64 16/warp Silly -1000 -1000/warp BoxGE 63 16/viewport 64 15 clamp true/skippable/pause 1300/emote Zinnia 32/pause 200/speak Zinnia \"{{i18n:AGE.ZinniaThanks.0}}\"/emote farmer 8/speak Zinnia \"{{i18n:AGE.ZinniaThanks.1}}\"/faceDirection Zinnia 3/pause 200/shake Zinnia 250/playSound Ship/warp BoxGE -10000 -1000/warp Silly 63 16/emote farmer 16/pause 200/speak Silly \"{{i18n:AGE.ZinniaThanks.2}}\"/pause 200/emote farmer 32/faceDirection Zinnia 0/speak Zinnia \"{{i18n:AGE.ZinniaThanks.3}}\"/speak Zinnia \"{{i18n:AGE.ZinniaThanks.4}}\"/pause 300/faceDirection Zinnia 3 true/faceDirection Silly 1/speak Zinnia \"{{i18n:AGE.ZinniaThanks.5}}\"/playSound slimeHit/emote Silly 28 true/pause 500/speak Silly \"{{i18n:AGE.ZinniaThanks.6}}\"/speak Zinnia \"{{i18n:AGE.ZinniaThanks.7}}\"/pause 500/shake Zinnia 250/playSound Ship/warp Silly -1000 -1000/warp BoxGE 63 16/pause 300/faceDirection Zinnia 0/speak Zinnia \"{{i18n:AGE.ZinniaThanks.8}}\"/emote farmer 32/speak Zinnia \"{{i18n:AGE.ZinniaThanks.9}}\"/fade/viewport 1000 -1000/pause 300/playSound achievement/message \"{{i18n:AGE.ZinniaThanks.10}}\"/pause 500/end",

			//wizard complete
			"9280010/n choseZinnia/e 9280011": "ZinniaTheme/-1000 -1000/farmer 1000 1000 2 Zinnia -1000 -1000 0 Silly -1000 -1000 0/mailReceived sillyHere/addTemporaryActor BoxGE 16 32 63 16 2 false/warp farmer 64 15/warp Zinnia 64 16/warp Silly -1000 -1000/warp BoxGE 63 16/viewport 64 15 clamp true/skippable/pause 1300/emote Zinnia 32/pause 200/speak Zinnia \"{{i18n:AGE.ZinniaThanks.0}}\"/emote farmer 8/speak Zinnia \"{{i18n:AGE.ZinniaThanks.1}}\"/faceDirection Zinnia 3/pause 200/shake Zinnia 250/playSound Ship/warp BoxGE -10000 -1000/warp Silly 63 16/emote farmer 16/pause 200/speak Silly \"{{i18n:AGE.ZinniaThanks.2.talks}}\"/pause 200/emote farmer 32/faceDirection Zinnia 0/speak Zinnia \"{{i18n:AGE.ZinniaThanks.3}}\"/speak Zinnia \"{{i18n:AGE.ZinniaThanks.4}}\"/pause 300/faceDirection Zinnia 3 true/faceDirection Silly 1/speak Zinnia \"{{i18n:AGE.ZinniaThanks.5}}\"/playSound slimeHit/emote Silly 28 true/pause 500/speak Silly \"{{i18n:AGE.ZinniaThanks.6.talks}}\"/speak Zinnia \"{{i18n:AGE.ZinniaThanks.7}}\"/pause 500/shake Zinnia 250/playSound Ship/warp Silly -1000 -1000/warp BoxGE 63 16/pause 300/faceDirection Zinnia 0/speak Zinnia \"{{i18n:AGE.ZinniaThanks.8}}\"/emote farmer 32/speak Zinnia \"{{i18n:AGE.ZinniaThanks.9.talks}}\"/fade/viewport 1000 -1000/pause 300/playSound achievement/message \"{{i18n:AGE.ZinniaThanks.10}}\"/pause 500/end"
		}
	},
	
	//A Silly Beginning
	{
        "Action": "EditData",
        "Target": "Data/Events/Custom_GE_MonsterResearchWing",
	    "Entries": {
			"9280013/n understandSilly/p Silly": "SillyTheme/17 5/farmer 17 13 0 Gabriel 17 5 1 Silly 18 5 3/playSound questcomplete/removeQuest 92800082/skippable/pause 1000/emote Gabriel 12/speak Gabriel \"{{i18n:AGE.SillyBeggins.0}}\"/move farmer 0 -3 0/doAction 17 9/faceDirection Gabriel 2 true/faceDirection Silly 2 true/emote Gabriel 16 true/emote Silly 20 true/move farmer 0 -4 0/pause 500/speak Gabriel \"{{i18n:AGE.SillyBeggins.1}}\"/emote farmer 32/move Silly 0 1 3/faceDirection farmer 1 true/speak Silly \"{{i18n:AGE.SillyBeggins.2}}\"/jump farmer/emote farmer 16/speak Gabriel \"{{i18n:AGE.SillyBeggins.3}}\"/speak Silly \"{{i18n:AGE.SillyBeggins.4}}\"/jump farmer/pause 600/speak Gabriel \"{{i18n:AGE.SillyBeggins.5}}\"/faceDirection farmer 0/emote farmer 40/emote Gabriel 40/speak Gabriel \"{{i18n:AGE.SillyBeggins.6}}\"/move Gabriel 1 0 2/faceDirection Silly 0 true/faceDirection farmer 1 true/speak Gabriel \"{{i18n:AGE.SillyBeggins.7}}\"/speak Silly \"{{i18n:AGE.SillyBeggins.8}}\"/speak Gabriel \"{{i18n:AGE.SillyBeggins.9}}\"/quickQuestion {{i18n:AGE.SillyBeggins.10 |PlayerName={{PlayerName}} }}(break)switchEvent 9280013_truth(break)switchEvent 9280013_lied",

			"9280013_truth": "emote Gabriel 60/speak Gabriel \"{{i18n:AGE.SillyBeggins.truth.0}}\"/speak Gabriel \"{{i18n:AGE.SillyBeggins.truth.1}}\"/speak Gabriel \"{{i18n:AGE.SillyBeggins.truth.2}}\"/pause 400/emote Silly 40/faceDirection Silly 3/speak Silly \"{{i18n:AGE.SillyBeggins.truth.3}}\"/emote farmer 32/speak Silly \"{{i18n:AGE.SillyBeggins.truth.4}}\"/emote farmer 32/faceDirection Silly 0/pause 500/emote Silly 20/speak Silly \"{{i18n:AGE.SillyBeggins.truth.5}}\"/pause 300/speak Gabriel \"{{i18n:AGE.SillyBeggins.truth.6}}\"/emote farmer 32/pause 200/emote Gabriel 32/speak Gabriel \"{{i18n:AGE.SillyBeggins.truth.7}}\"/emote Silly 32/speak Gabriel \"{{i18n:AGE.SillyBeggins.truth.8}}\"/speak Silly \"{{i18n:AGE.SillyBeggins.truth.9}}\"/emote farmer 40/speak Gabriel \"{{i18n:AGE.SillyBeggins.truth.10}}\"/speak Silly \"{{i18n:AGE.SillyBeggins.truth.11}}\"/emote farmer 40/speak Gabriel \"{{i18n:AGE.SillyBeggins.truth.12}}\"/jump Silly/speak Silly \"{{i18n:AGE.SillyBeggins.truth.13}}\"/emote farmer 40/speak Gabriel \"{{i18n:AGE.SillyBeggins.truth.14}}\"/speak Gabriel \"{{i18n:AGE.SillyBeggins.truth.15}}\"/emote Silly 28/speak Silly \"{{i18n:AGE.SillyBeggins.truth.16}}\"/emote farmer 40/speak Gabriel \"{{i18n:AGE.SillyBeggins.truth.17}}\"/speak Silly \"{{i18n:AGE.SillyBeggins.truth.18}}\"/emote farmer 40/emote Gabriel 16/speak Gabriel \"{{i18n:AGE.SillyBeggins.truth.19}}\"/move Gabriel -1 0 2/faceDirection Silly 3 true/faceDirection farmer 0/speak Gabriel \"{{i18n:AGE.SillyBeggins.truth.20}}\"/emote farmer 32/faceDirection Silly 2 true/move farmer 0 3 2/speak Gabriel \"{{i18n:AGE.SillyBeggins.truth.21}}\"/faceDirection farmer 0 true/emote farmer 8/speak Gabriel \"{{i18n:AGE.SillyBeggins.truth.22}}\"/pause 400/emote farmer 32/faceDirection farmer 2/move farmer 0 3 0 true/end dialogue Zinnia \"{{i18n:AGE.SillyBeggins.truth.23}}\"",

			"9280013_lied": "friendship Silly -50/faceDirection Silly 3 true/jump Silly/emote Silly 12/emote Gabriel 8/speak Gabriel \"{{i18n:AGE.SillyBeggins.lied.0}}\"/faceDirection Silly 0/emote Silly 12/speak Silly \"{{i18n:AGE.SillyBeggins.lied.1}}\"/emote farmer 60/speak Gabriel \"{{i18n:AGE.SillyBeggins.lied.2}}\"/emote farmer 40/pause 500/switchEvent 9280013_truth"
		}
    },
	
	//Gabriel's Findings #2
	{
        "Action": "EditData",
        "Target": "Data/Events/Farm",
		"When": { "HasSeenEvent: hostPlayer |contains=9280013": "true" },
	    "Entries": {
			"9280014/e 9280013": "GabrielTheme/64 15/farmer -1000 -1000 2 Gabriel 64 17 0/addQuest 92800092/playSound questcomplete/skippable/pause 1000/emote Gabriel 16/pause 200/speak Gabriel \"{{i18n:AGE.GabeFindings.0}}\"/emote farmer 60/speak Gabriel \"{{i18n:AGE.GabeFindings.1}}\"/emote farmer 8/speak Gabriel \"{{i18n:AGE.GabeFindings.2}}\"/speak Gabriel \"{{i18n:AGE.GabeFindings.3}}\"/emote farmer 32/speak Gabriel \"{{i18n:AGE.GabeFindings.4}}\"/end"
		}
	},
	
	//6 Heart Event (Forgive Yourself)

	{
        "Action": "EditData",
        "Target": "Data/Events/AdventureGuild",
	    "Entries": {
			"8280012/f Gabriel 1500/e 8280002": "sadpiano/7 11/farmer -1000 -1000 0 Gabriel -1000 -1000 2 Zinnia 7 15 3 Wizard 5 15 1 Marlon 6 14 2/mail GabrielTherapy/ignoreCollisions farmer/skippable/pause 2000/emote Zinnia 40/pause 500/warp farmer 6 19/playSound doorClose/faceDirection Zinnia 2 true/emote Zinnia 16 true/faceDirection Wizard 2 true/pause 500/speak Marlon \"{{i18n:AGE.Forgive.0}}\"/move farmer 0 -3 0/faceDirection Zinnia 3 true/faceDirection Wizard 1 true/speak Marlon \"{{i18n:AGE.Forgive.1}}\"/emote farmer 8/speak Marlon \"{{i18n:AGE.Forgive.2}}\"/speak Zinnia \"{{i18n:AGE.Forgive.3}}\"/jump farmer/pause 300/speak Wizard \"{{i18n:AGE.Forgive.4}}\"/emote Zinnia 16/speak Zinnia \"{{i18n:AGE.Forgive.5}}\"/pause 200/faceDirection Wizard 2/pause 200/showFrame Wizard 18/emote Wizard 40/pause 500/showFrame Wizard 0/jump Wizard/pause 600/faceDirection Wizard 1 true/speak Wizard \"{{i18n:AGE.Forgive.6}}\"/jump Zinnia/speak Zinnia \"{{i18n:AGE.Forgive.7}}\"/speak Wizard \"{{i18n:AGE.Forgive.8}}\"/jump Zinnia/speak Zinnia \"{{i18n:AGE.Forgive.9}}\"/emote Marlon 36/speak Marlon \"{{i18n:AGE.Forgive.10}}\"/emote Zinnia 28/speak Zinnia \"{{i18n:AGE.Forgive.11}}\"/jump farmer/pause 400/emote farmer 32/emote Marlon 8/speak Marlon \"{{i18n:AGE.Forgive.12}}\"/pause 600/jump Marlon/speak Marlon \"{{i18n:AGE.Forgive.13}}\"/speak Wizard \"{{i18n:AGE.Forgive.14}}\"/speak Marlon \"{{i18n:AGE.Forgive.15}}\"/speak Zinnia \"{{i18n:AGE.Forgive.16}}\"/pause 200/emote farmer 32/pause 600/fade/stopMusic/viewport -1000 1000/beginSimultaneousCommand/changeLocation Custom_GE_ZinniaRoom/warp Marlon 1000 1220/warp farmer 18 6/faceDirection farmer 3 true/warp Zinnia 17 6/warp Wizard 18 7/faceDirection Wizard 3 true/warp Gabriel 16 6/showFrame Gabriel 42/positionOffset Gabriel -26 0/endSimultaneousCommand/fade/playMusic WizardSong/viewport 24 7/pause 1000/shake Gabriel 1250/emote Gabriel 24/playSound shadowpeep/pause 2200/shake Zinnia 250/playSound dwop/speak Zinnia \"{{i18n:AGE.Forgive.17}}\"/pause 200/speak Gabriel \"{{i18n:AGE.Forgive.18}}\"/pause 200/emote Zinnia 28/speak Zinnia \"{{i18n:AGE.Forgive.19}}\"/move Zinnia 0 2 0/speak Wizard \"{{i18n:AGE.Forgive.20{{ifDating}}}}\"/move farmer -1 0 2/speak Wizard \"{{i18n:AGE.Forgive.21}}\"/pause 500/playSound dwop/animate Wizard true true 100 19/pause 500/playSound warrior/shake Wizard 1000/pause 800/glow 93 55 181/playSound healSound/showFrame farmer 4/pause 300/showFrame farmer 5/stopAnimation Wizard 12/pause 500/emote farmer 24/jump Zinnia/pause 500/speak Wizard \"{{i18n:AGE.Forgive.22}}\"/pause 500/pause 500/playSound dwop/animate Wizard true true 100 19/pause 500/stopMusic/playSound warrior/shake Wizard 2000/pause 1800/screenFlash 3/playSound wand/beginSimultaneousCommand/viewport -1000 -1000/changeToTemporaryMap FlashbackMineDownGE false/warp Zinnia -100 2000/warp Wizard 100 2000/warp farmer 10 8/warp Gabriel 10 10/showFrame Gabriel 0/glow 169 26 26 true/endSimultaneousCommand/pause 2200/fade/playMusic junimoKart_ghostMusic/viewport 10 9/pause 1200/showFrame farmer 4/pause 300/showFrame farmer 0/pause 500/emote farmer 8/speak Gabriel \"{{i18n:AGE.Forgive.23}}\"/pause 500/playSound shadowpeep/message \"{{i18n:AGE.Forgive.24}}\"/jump farmer/pause 1000/faceDirection Gabriel 0/emote Gabriel 8/speak Gabriel \"{{i18n:AGE.Forgive.25}}\"/jump farmer/jump Gabriel/playSound shadowpeep/pause 1000/message \"{{i18n:AGE.Forgive.26}}\"/speak Gabriel \"{{i18n:AGE.Forgive.27}}\"/jump farmer/pause 400/faceDirection farmer 0 true/speed farmer 6/move farmer 0 -3 0/addTemporaryActor Daisy 16 32 10 13 0 false/changeName Daisy {{i18n:daisyNPCnamedisplay}}/showFrame Daisy 31/addTemporaryActor StoneGE 16 32 10 4 2 false/screenFlash 3/playSound wand/pause 300/jump farmer/pause 300/speak Daisy \"{{i18n:AGE.Forgive.28}}\"/faceDirection Gabriel 2/faceDirection farmer 2/jump Gabriel/speak Gabriel \"{{i18n:AGE.Forgive.29}}\"/speak Daisy \"{{i18n:AGE.Forgive.30}}\"/speak Gabriel \"{{i18n:AGE.Forgive.31}}\"/speed Gabriel 5/move Gabriel 0 -2 1/speed Gabriel 5/move Gabriel 2 0 1/screenFlash 3/playSound wand/beginSimultaneousCommand/warp Daisy 13 8/showFrame Daisy 32/endSimultaneousCommand/pause 500/jump Gabriel/textAboveHead Daisy \"{{i18n:AGE.Forgive.32}}\"/pause 500/speed Gabriel 5/move Gabriel -4 0 3/screenFlash 3/playSound wand/beginSimultaneousCommand/warp Daisy 7 8/showFrame Daisy 30/endSimultaneousCommand/pause 500/jump Gabriel/textAboveHead Daisy \"{{i18n:AGE.Forgive.33}}\"/speed farmer 3/move farmer 0 2 2 true/pause 400/speak Gabriel \"{{i18n:AGE.Forgive.34}}\"/pause 600/speed Gabriel 5/move Gabriel 2 0 0/pause 200/screenFlash 3/playSound wand/beginSimultaneousCommand/warp Daisy 10 5/showFrame Daisy 29/endSimultaneousCommand/pause 300/emote farmer 16 true/faceDirection farmer 0 true/emote Gabriel 16/speed farmer 6/move farmer -1 0 2/move farmer 0 1 0/pause 500/playSound shadowpeep/speak Daisy \"{{i18n:AGE.Forgive.35}}\"/playSound warrior/emote Gabriel 28/speak Gabriel \"{{i18n:AGE.Forgive.36}}\"/faceDirection farmer 1/emote farmer 8/faceDirection Gabriel 3/speak Gabriel \"{{i18n:AGE.Forgive.37}}\"/playMusic echos/speak Gabriel \"{{i18n:AGE.Forgive.38}}\"/speak Gabriel \"{{i18n:AGE.Forgive.39}}\"/speak Gabriel \"{{i18n:AGE.Forgive.40}}\"/pause 300/playSound shadowpeep/speak Daisy \"{{i18n:AGE.Forgive.41}}\"/speak Gabriel \"{{i18n:AGE.Forgive.42}}\"/pause 500/quickQuestion {{i18n:AGE.Forgive.43}}(break)speak Gabriel \"{{i18n:AGE.Forgive.44}}\"(break)speak Gabriel \"{{i18n:AGE.Forgive.45}}\"(break)speak Gabriel \"{{i18n:AGE.Forgive.46}}\"/pause 200/emote farmer 40/emote Gabriel 8/speak Gabriel \"{{i18n:AGE.Forgive.47}}\"/emote farmer 32/speak Gabriel \"{{i18n:AGE.Forgive.48}}\"/pause 500/faceDirection Gabriel 0/speak Gabriel \"{{i18n:AGE.Forgive.49}}\"/speak Gabriel \"{{i18n:AGE.Forgive.50}}\"/faceDirection Gabriel 3 true/faceDirection farmer 1/speak Gabriel \"{{i18n:AGE.Forgive.51}}\"/emote Daisy 16/faceDirection farmer 0 true/faceDirection Gabriel 0 true/speak Daisy \"{{i18n:AGE.Forgive.52}}\"/stopMusic/playSound warrior/textAboveHead Daisy \"{{i18n:AGE.Forgive.53}}\"/pause 1000/playSound wand/screenFlash 3/pause 150/viewport -1000 -1000/beginSimultaneousCommand/stopGlowing/changeLocation Custom_GE_ZinniaRoom/warp Zinnia 17 8/changeSprite Gabriel Beach/changePortrait Gabriel Beach/faceDirection farmer 2 true/speed farmer 3/warp Daisy 1001 1010/warp farmer 17 6/showFrame farmer 5/warp Gabriel 16 6/faceDirection Gabriel 2/warp StoneGE -1000 1010/endSimultaneousCommand/pause 2200/fade/viewport 24 7/pause 1200/showFrame farmer 4/pause 300/showFrame farmer 0/jump Zinnia/playMusic GabrielTheme/speak Zinnia \"{{i18n:AGE.Forgive.54}}\"/emote farmer 32/faceDirection farmer 1 true/move farmer 1 0 2/move Gabriel 1 0 2/speak Gabriel \"{{i18n:AGE.Forgive.55}}\"/speak Zinnia \"{{i18n:AGE.Forgive.56}}\"/emote Gabriel 8/speak Gabriel \"{{i18n:AGE.Forgive.57}}\"/speak Zinnia \"{{i18n:AGE.Forgive.58}}\"/jump Gabriel/speak Gabriel \"{{i18n:AGE.Forgive.59}}\"/speak Zinnia \"{{i18n:AGE.Forgive.60}}\"/jump Zinnia/speak Zinnia \"{{i18n:AGE.Forgive.61}}\"/speed Zinnia 5/move Zinnia 3 0 2/speed Zinnia 5/move Zinnia 0 2 2/doAction 20 11/speed Zinnia 5/move Zinnia 0 5 3/speed Zinnia 5/move Zinnia -8 0 2/speed Zinnia 5/move Zinnia 0 7 2 true/faceDirection Gabriel 1 true/faceDirection farmer 3/speak Gabriel \"{{i18n:AGE.Forgive.62}}\"/emote farmer 32/speak Gabriel \"{{i18n:AGE.Forgive.63}}\"/pause 500/speak Gabriel \"{{i18n:AGE.Forgive.64}}\"/faceDirection farmer 2 true/move Gabriel 0 2 1/move Gabriel 1 0 0/speak Gabriel \"{{i18n:AGE.Forgive.65}}\"/speak Gabriel \"{{i18n:AGE.Forgive.66}}\"/faceDirection Gabriel 1/pause 500/textAboveHead Gabriel \"{{i18n:AGE.Forgive.67}}\"/pause 500/move Gabriel 2 0 2/move Gabriel 0 7 3 true/fade/viewport -1000 1020/pause 1000/message \"{{i18n:AGE.Forgive.68}}\"/pause 1000/end"
		}
	}
	]
}