{
	"Changes": [
        {
            "Action": "EditData",
            "Target": "data/events/Farm",
            "Update": "OnLocationChange",
            "When": {
                "hawkfalcon.BetterJunimos/JunimoHuts": "true"
            },
            "Entries": {
                "22210001/H": "continue/64 15/farmer 64 15 2 Wizard 64 17 0/ignoreCollisions farmer/ignoreCollisions Wizard/skippable/pause 1000/speak Wizard \"{{i18n:Junimos.event.0}}\"/speak Wizard \"{{i18n:Junimos.event.1}}\"/fork 22219010 2221_continue_y/fork 22219011 2221_continue_n/fork 22219012 2221_continue_fu/end",
                "2221_continue_n": "skippable/emote Wizard 16/pause 500/playSound wand/end",
                "2221_continue_fu": "skippable/playSound thunder/glow 255 0 0/emote Wizard 12/speak Wizard \"{{i18n:Junimos.continue.fu.0}}\"/friendship Wizard -60/pause 500/playSound wand/end",
                "2221_continue_y": "skippable/friendship Wizard 60/speak Wizard \"{{i18n:Junimos.continue.y.0}}\"/speak Wizard \"$q -1 null#{{i18n:Junimos.continue.y.1}}$8#$r 22219020 0 2221_progression_y#{{i18n:Junimos.continue.y.2}}#$r 22219021 0 2221_progression_n#{{i18n:Junimos.continue.y.3}}\"/switchEvent 2221_wages",
                "2221_wages": "skippable/speak Wizard \"{{i18n:Junimos.wages.0}}\"/speak Wizard \"$q -1 null#{{i18n:Junimos.wages.1}}$8#$r 22219030 0 2221_fruit#{{i18n:Junimos.wages.2}}#$r 22219031 0 2221_flowers#{{i18n:Junimos.wages.3}}#$r 22219032 0 2221_forage#{{i18n:Junimos.wages.4}}#$r 22219033 0 2221_all#{{i18n:Junimos.wages.5}}#$r 22219034 0 2221_none#{{i18n:Junimos.wages.6}}\"/switchEvent 2221_communicate",
                "2221_communicate": "skippable/speak Wizard \"{{i18n:Junimos.communicate.0}}\"/switchEvent 2221_greenhouse",
                "2221_greenhouse": "skippable/speak Wizard \"{{i18n:Junimos.greenhouse.0}}\"/switchEvent 2221_config",
                "2221_config": "skippable/speak Wizard \"{{i18n:Junimos.config.0}}\"/speak Wizard \"$q -1 null#{{i18n:Junimos.config.1}}#$r 22219040 0 2221_config_y#{{i18n:Junimos.config.2}}#$r 22219041 0 2221_config_n#{{i18n:Junimos.config.3}}\"/switchEvent 2221_end",
                "2221_end": "skippable/speak Wizard \"{{i18n:Junimos.end.0}}\"/pause 500/playSound wand/end"
            }
        }
    ]
}