{
	"Changes": [
	
		{
            "Action": "EditData",
            "Target": "Data/Events/Custom_EugeneNPC_EugeneRoom",
            "When": { "Relationship:Wizard |contains=Engaged, Married": false },
            "Entries": {
                "80005/f Eugene 2000/p Eugene/e 80004": "desolate/7 6/farmer -100 -100 0 Eugene 5 5 1 Wizard 9 5 3/skippable/pause 500/emote Wizard 12/pause 1000/speak Wizard \"{{i18n:Eugene.8hearts.0}}\"/pause 500/speak Eugene \"{{i18n:Eugene.8hearts.1}}\"/pause 800/speak Wizard \"{{i18n:Eugene.8hearts.2}}\"/speak Wizard \"{{i18n:Eugene.8hearts.3}}\"/pause 1000/speak Eugene \"{{i18n:Eugene.8hearts.4}}\"/speak Eugene \"{{i18n:Eugene.8hearts.5}}\"/speak Eugene \"{{i18n:Eugene.8hearts.6}}\"/pause 500/showFrame Eugene 0/pause 300/showFrame Eugene 18/speak Eugene \"{{i18n:Eugene.8hearts.7}}\"/pause 1000/speak Eugene \"{{i18n:Eugene.8hearts.8}}\"/pause 800/emote Wizard 40/pause 800/speak Wizard \"{{i18n:Eugene.8hearts.9}}\"/speak Wizard \"{{i18n:Eugene.8hearts.10}}\"/showFrame Eugene 4/pause 500/speak Eugene \"{{i18n:Eugene.8hearts.11}}\"/speak Eugene \"{{i18n:Eugene.8hearts.12}}\"/pause 500/emote Wizard 16/pause 800/speak Wizard \"{{i18n:Eugene.8hearts.13}}\"/pause 1000/showFrame Eugene 18/pause 500/speak Eugene \"{{i18n:Eugene.8hearts.14}}\"/pause 500/speak Eugene \"{{i18n:Eugene.8hearts.15}}\"/pause 1500/speak Wizard \"{{i18n:Eugene.8hearts.16}}\"/pause 800/speak Wizard \"{{i18n:Eugene.8hearts.17}}\"/speak Wizard \"{{i18n:Eugene.8hearts.18}}\"/pause 500/emote Eugene 40/pause 800/speak Eugene \"{{i18n:Eugene.8hearts.19}}\"/pause 500/showFrame Eugene 4/speak Eugene \"{{i18n:Eugene.8hearts.20}}\"/speak Eugene \"{{i18n:Eugene.8hearts.21}}\"/warp farmer 5 15 0/move farmer 0 -6 0/pause 400/showFrame Eugene 0/showFrame Eugene 19/jump Eugene/pause 800/speak Eugene \"{{i18n:Eugene.8hearts.22}}\"/speak Wizard \"{{i18n:Eugene.8hearts.23}}\"/pause 300/showFrame Eugene 0/pause 800/speak Eugene \"{{i18n:Eugene.8hearts.24}}\"/pause 500/speak Eugene \"{{i18n:Eugene.8hearts.25}}\"/pause 800/showFrame Eugene 18/speak Eugene \"{{i18n:Eugene.8hearts.26}}\"/pause 500/speak Eugene \"{{i18n:Eugene.8hearts.27}}\"/pause 500/speak Wizard \"{{i18n:Eugene.8hearts.28}}\"/pause 500/faceDirection Wizard 1/pause 800/speak Wizard \"{{i18n:Eugene.8hearts.29}}\"/pause 500/warp Wizard -3000 -3000 0/playSound wand/pause 1000/speak Eugene \"{{i18n:Eugene.8hearts.30}}\"/speak Eugene \"{{i18n:Eugene.8hearts.31}}\"/pause 500/speak Eugene \"{{i18n:Eugene.8hearts.32}}\"/pause 800/emote farmer 40/globalFade/viewport -1000 -1000/end dialogue Eugene \"{{i18n:Eugene.8hearts.33}}\" Wizard \"...I'm sorry you had to see that...\""
            }
        },
		
		{
            "Action": "EditData",
            "Target": "Data/Events/Custom_EugeneNPC_EugeneRoom",
            "When": { "Relationship:Wizard": "Married, Engaged" },
            "Entries": {
                "80005/f Eugene 2000/p Eugene/e 80004": "desolate/7 6/farmer -100 -100 0 Eugene 5 5 1 Wizard 9 5 3/skippable/pause 500/emote Wizard 12/pause 1000/speak Wizard \"{{i18n:Eugene.8hearts.0}}\"/pause 500/speak Eugene \"{{i18n:Eugene.8hearts.1}}\"/pause 800/speak Wizard \"{{i18n:Eugene.8hearts.2}}\"/speak Wizard \"{{i18n:Eugene.8hearts.3}}\"/pause 1000/speak Eugene \"{{i18n:Eugene.8hearts.4}}\"/speak Eugene \"{{i18n:Eugene.8hearts.5}}\"/speak Eugene \"{{i18n:Eugene.8hearts.6}}\"/pause 500/showFrame Eugene 0/pause 300/showFrame Eugene 18/speak Eugene \"{{i18n:Eugene.8hearts.7}}\"/pause 1000/speak Eugene \"{{i18n:Eugene.8hearts.8}}\"/pause 800/emote Wizard 40/pause 800/speak Wizard \"{{i18n:Eugene.8hearts.9.married}}\"/speak Wizard \"{{i18n:Eugene.8hearts.10}}\"/showFrame Eugene 4/pause 500/speak Eugene \"{{i18n:Eugene.8hearts.11}}\"/speak Eugene \"{{i18n:Eugene.8hearts.12}}\"/pause 500/emote Wizard 16/pause 800/speak Wizard \"{{i18n:Eugene.8hearts.13}}\"/pause 1000/showFrame Eugene 18/pause 500/speak Eugene \"{{i18n:Eugene.8hearts.14}}\"/pause 500/speak Eugene \"{{i18n:Eugene.8hearts.15}}\"/pause 1500/speak Wizard \"{{i18n:Eugene.8hearts.16}}\"/pause 800/speak Wizard \"{{i18n:Eugene.8hearts.17}}\"/speak Wizard \"{{i18n:Eugene.8hearts.18.married}}\"/pause 500/emote Eugene 40/pause 800/speak Eugene \"{{i18n:Eugene.8hearts.19}}\"/pause 500/showFrame Eugene 4/speak Eugene \"{{i18n:Eugene.8hearts.20}}\"/speak Eugene \"{{i18n:Eugene.8hearts.21}}\"/warp farmer 5 15 0/move farmer 0 -6 0/pause 400/showFrame Eugene 0/showFrame Eugene 19/jump Eugene/pause 800/speak Eugene \"{{i18n:Eugene.8hearts.22}}\"/speak Wizard \"{{i18n:Eugene.8hearts.23.married}}\"/pause 300/showFrame Eugene 0/pause 800/speak Eugene \"{{i18n:Eugene.8hearts.24}}\"/pause 500/speak Eugene \"{{i18n:Eugene.8hearts.25}}\"/pause 800/showFrame Eugene 18/speak Eugene \"{{i18n:Eugene.8hearts.26}}\"/pause 500/speak Eugene \"{{i18n:Eugene.8hearts.27}}\"/pause 500/speak Wizard \"{{i18n:Eugene.8hearts.28}}\"/pause 500/faceDirection Wizard 1/pause 800/speak Wizard \"{{i18n:Eugene.8hearts.29}}\"/pause 500/warp Wizard -3000 -3000 0/playSound wand/pause 1000/speak Eugene \"{{i18n:Eugene.8hearts.30}}\"/speak Eugene \"{{i18n:Eugene.8hearts.31}}\"/pause 500/speak Eugene \"{{i18n:Eugene.8hearts.32}}\"/pause 800/emote farmer 40/globalFade/viewport -1000 -1000/end dialogue Eugene \"{{i18n:Eugene.8hearts.33}}\" Wizard \"...I'm sorry you had to see that...\""
            }
        },

		{
            "Action": "EditData",
            "Target": "Data/Events/Forest",
            "Entries": {
                "80006/f Eugene 2500/t 1900 2540/e 800061/w sunny": "echos/74 80/farmer 75 80 3 Eugene 74 80 1/skippable/pause 800/speak Eugene \"{{i18n:Eugene.10hearts.0}}\"/pause 1000/speak Eugene \"{{i18n:Eugene.10hearts.1}}\"/pause 800/speak Eugene \"{{i18n:Eugene.10hearts.2}}\"/pause 500/emote farmer 8/pause 800/speak Eugene \"{{i18n:Eugene.10hearts.3}}\"/pause 1000/showFrame Eugene 24/pause 750/showFrame Eugene 25/pause 750/showFrame Eugene 24/pause 750/showFrame Eugene 25/pause 1000/showFrame Eugene 26/playSound treethud/pause 1000/showFrame Eugene 27/playSound treethud/pause 1000/showFrame Eugene 29/playSound treethud/pause 1000/showFrame Eugene 30/playSound treethud/pause 1500/jump farmer/pause 500/emote farmer 16/pause 500/showFrame Eugene 31/speak Eugene \"{{i18n:Eugene.10hearts.4}}\"/pause 500/emote farmer 40/pause 800/speak Eugene \"{{i18n:Eugene.10hearts.5}}\"/pause 800/speak Eugene \"{{i18n:Eugene.10hearts.6}}\"/pause 800/speak Eugene \"{{i18n:Eugene.10hearts.7}}\"/pause 500/speak Eugene \"{{i18n:Eugene.10hearts.8}}\"/pause 500/speak Eugene \"{{i18n:Eugene.10hearts.9}}\"/pause 1000/speak Eugene \"{{i18n:Eugene.10hearts.10}}\"/pause 800/speak Eugene \"{{i18n:Eugene.10hearts.11}}\"/pause 800/speak Eugene \"{{i18n:Eugene.10hearts.12}}\"/pause 1000/speak Eugene \"{{i18n:Eugene.10hearts.13}}\"/pause 500/speak Eugene \"{{i18n:Eugene.10hearts.14}}\"/pause 400/emote farmer 16/pause 400/speak Eugene \"{{i18n:Eugene.10hearts.15}}\"/pause 800/speak Eugene \"{{i18n:Eugene.10hearts.16}}\"/pause 800/speak Eugene \"{{i18n:Eugene.10hearts.17}}\"/pause 1000/showFrame Eugene 0/speak Eugene \"{{i18n:Eugene.10hearts.18}}\"/pause 1000/showFrame Eugene 4/speak Eugene \"{{i18n:Eugene.10hearts.19}}\"/pause 1000/speak Eugene \"{{i18n:Eugene.10hearts.20}}\"/pause 500/speak Eugene \"{{i18n:Eugene.10hearts.21}}\"/pause 1000/globalFade/viewport -1000 -1000/end dialogue Eugene \"{{i18n:Eugene.10hearts.22}}\""
            }
        }
	
	]
}