{
	"Changes": [
		{
			"Action": "EditData",
			"Target": "Characters/Dialogue/Lucikiel",
			"Entries": {
				"Sun8": "{{i18n:Luci.Sun8}}"
			}
		},
		{
			"Action": "EditData",
			"Target": "Characters/Dialogue/MarriageDialogueLucikiel",
			"Entries": {
				"Good_6": "{{i18n:Luci.Good_6}}",
				"Neutral_4": "{{i18n:Luci.Neutral_4}}",
				"spouseRoom_Lucikiel": "{{i18n:Luci.spouseRoom_Lucikiel}}"
			}
		},
		{ //8 Heart
			"Action": "EditData",
			"Target": "Data/Events/Beach",
			"When": {
				"HasMod |contains=FlashShifter.StardewValleyExpandedCP": false
			},
			"Entries": {
				"1027705/f Lucikiel 2000/t 1800 2350/w sunny": "junimoKart_ghostMusic/-100 -100/farmer 87 30 2 Lucikiel 82 39 3 Wizard -999 -999 2 Junimo -998 -999/addConversationTopic Rehabilitation 30/skippable/viewport 87 39 true/addLantern 735 83 35 1/addLantern 735 83 36 1/removeTemporarySprites/move farmer 0 5 2/shake Lucikiel 1500/speak Lucikiel \"{{i18n:Luci.8heart.0}}\"/emote farmer 8/speak Lucikiel \"{{i18n:Luci.8heart.1}}\"/textAboveHead Lucikiel \"{{i18n:Luci.8heart.2}}\"/move farmer 0 4 3/emote farmer 40/pause 200/quickQuestion {{i18n:Luci.8heart.3}}(break)pause 1/shake Lucikiel 2500/speak Lucikiel \"{{i18n:Luci.8heart.4}}\"/faceDirection Lucikiel 1/textAboveHead Lucikiel \"{{i18n:Luci.8heart.5}}\"/move Lucikiel 4 0 1/speak Lucikiel \"{{i18n:Luci.8heart.6}}\"/speak Lucikiel \"{{i18n:Luci.8heart.7}}\"/emote farmer 16/faceDirection Lucikiel 1/shake Lucikiel 2000/speak Lucikiel \"{{i18n:Luci.8heart.8}}\"/jump farmer/positionOffset farmer 4 0/pause 5/positionOffset farmer 4 0/pause 5/positionOffset farmer 4 0/pause 5/positionOffset farmer 4 0/pause 5/positionOffset farmer 4 0/pause 5/positionOffset farmer 4 0/pause 5/positionOffset farmer 4 0/pause 5/positionOffset farmer 4 0/pause 5/positionOffset farmer 4 0/pause 5/positionOffset farmer 4 0/pause 5/positionOffset farmer 4 0/pause 5/positionOffset farmer 4 0/pause 5/positionOffset farmer 4 0/pause 5/positionOffset farmer 4 0/pause 5/positionOffset farmer 4 0/pause 5/positionOffset farmer 4 0/startJittering/pause 400/move farmer 1 0 1/speed farmer 4/move farmer 1 0 1/faceDirection farmer 0/faceDirection farmer 2 true/pause 250/faceDirection farmer 1/faceDirection farmer 3/startJittering/speed Lucikiel 1/move Lucikiel 2 0 1/pause 1000/quickQuestion {{i18n:Luci.8heart.9}}(break)pause 1\\jump farmer(break)pause 1\\jump farmer(break)pause 1\\jump farmer/pause 300/shake Lucikiel 2000/pause 2000/speak Lucikiel \"{{i18n:Luci.8heart.10}}\"/stopJittering/shake Lucikiel 2000/pause 500/textAboveHead Lucikiel \"{{i18n:Luci.8heart.11}}\"/pause 1000/pause 1000/speak Lucikiel \"{{i18n:Luci.8heart.12}}\"/emote farmer 16/speed farmer 1/move farmer -1 0 3/emote Lucikiel 40/stopMusic/speak Lucikiel \"{{i18n:Luci.8heart.13}}\"/emote farmer 8/stopMusic/shake Lucikiel 3000/pause 1700/playMusic desolate/move Lucikiel -1 0 0/shake Lucikiel 1000/pause 500/pause 1500/shake Lucikiel 10/pause 500/speak Lucikiel \"{{i18n:Luci.8heart.14}}\"/emote farmer 8/move Lucikiel 0 1 2/pause 500/speak Lucikiel \"{{i18n:Luci.8heart.15}}\"/move farmer -1 0 3 true/move farmer 0 1 2/speak Lucikiel \"{{i18n:Luci.8heart.16}}\"/faceDirection Lucikiel 1/faceDirection farmer 3/speak Lucikiel \"{{i18n:Luci.8heart.17}}\"/speak Lucikiel \"{{i18n:Luci.8heart.18}}\"/emote Lucikiel 40/pause 200/faceDirection Lucikiel 2/speak Lucikiel \"{{i18n:Luci.8heart.19}}\"/faceDirection farmer 3/emote farmer 8/speak Lucikiel \"{{i18n:Luci.8heart.20}}\"/emote Lucikiel 40/pause 1000/stopMusic/playMusic ocean/shake Lucikiel 50000/pause 1000/speak Lucikiel \"{{i18n:Luci.8heart.21}}\"/faceDirection farmer 3/emote farmer 8/pause 400/showFrame Lucikiel 29/speak Lucikiel \"{{i18n:Luci.8heart.22}}\"/stopMusic/playMusic bigDrums/pause 500/jump farmer/pause 500/shake Lucikiel 10/showFrame Lucikiel 29/playSound wand/screenFlash 3/showFrame Wizard 16/warp Wizard 87 34/pause 500/faceDirection farmer 0/emote farmer 16/pause 300/showFrame Wizard 0/pause 500/move Wizard 0 1 2/move farmer 0 -1 0 true/move Wizard 0 1 2 false/speak Wizard \"{{i18n:Luci.8heart.23}}\"/speak Lucikiel \"{{i18n:Luci.8heart.24}}\"/faceDirection Lucikiel 1 true/pause 50/faceDirection Lucikiel 0/faceDirection farmer 1/jump farmer/positionOffset farmer 4 0/pause 5/positionOffset farmer 4 0/pause 5/positionOffset farmer 4 0/pause 5/positionOffset farmer 4 0/pause 5/positionOffset farmer 4 0/pause 5/positionOffset farmer 4 0/pause 5/positionOffset farmer 4 0/pause 5/positionOffset farmer 4 0/pause 5/positionOffset farmer 4 0/pause 5/positionOffset farmer 4 0/pause 5/positionOffset farmer 4 0/pause 5/positionOffset farmer 4 0/pause 5/positionOffset farmer 4 0/pause 5/positionOffset farmer 4 0/pause 5/positionOffset farmer 4 0/pause 5/positionOffset farmer 4 0/pause 5/faceDirection farmer 3 true/shake Lucikiel 250/addObject 87 38 362 1/playSound flameSpell/showFrame Wizard 16 true/pause 250/removeTemporarySprites/addObject 87 37 362 1/playSound flameSpell/pause 250/removeTemporarySprites/playSound wand/warp Wizard -999 -999/addObject 87 36 362 1/playSound flameSpell/pause 250/playSound explosion/removeTemporarySprites/addObject 87 35 362 1/pause 250/playSound flameSpellHit/removeTemporarySprites/addObject 87 35 362 1/pause 250/playSound flameSpellHit/removeTemporarySprites/addObject 87 35 362 1/pause 200/removeTemporarySprites/move farmer 1 0 3 true/move Lucikiel 0 -1 0 false/pause 200/warp Wizard 82 39/screenFlash .5/playSound wand/showFrame Wizard 0 true/pause 50/faceDirection Wizard 1/speed Lucikiel 4/move Lucikiel -4 0 3/pause 100/warp Wizard -999 -999/playSound wand/faceDirection Wizard 3 true/pause 100/shake Lucikiel 100/pause 50/addObject 82 38 362 1/playSound flameSpell/pause 250/removeTemporarySprites/warp Wizard 84 39/playSound wand/pause 500/faceDirection Lucikiel 1/shake Lucikiel 100/pause 50/faceDirection Wizard 1/playSound wand/warp Wizard -999 -999/pause 150/addObject 84 38 362 1/playSound flameSpellHit/pause 250/removeTemporarySprites/faceDirection Wizard 1/screenFlash .5/playSound wand/warp Wizard 88 39/pause 500/emote farmer 16/speak Wizard \"{{i18n:Luci.8heart.25}}\"/showFrame Lucikiel 16/pause 300/playSound coldSpell/showFrame Lucikiel 24/playSound flameSpell/pause 300/animate Lucikiel false true 25 25 25 26 26 26 25 25 26 26 27 27 27 25 25 26 26 26 27 27 27 26 26 26 25 25 25 27 27 27 25 25 26 26 25 25 27 27 26 26 25 25 25 26 26 27 27 27 25 25 25/speak Lucikiel \"{{i18n:Luci.8heart.26}}\"/speed farmer 4/move farmer 0 1 2/warp Wizard -999 -999/screenFlash .5/pause 200/addObject 88 38 362 1/playSound flameSpell/pause 200/pause 100/removeTemporarySprites/addObject 89 38 362 1/playSound flameSpell/pause 250/removeTemporarySprites/addObject 90 38 362 1/playSound flameSpellHit/pause 250/removeTemporarySprites/pause 250/playSound flameSpellHit/pause 250/faceDirection farmer 0/pause 300/emote farmer 28/pause 1000/playSound wand/screenFlash 3/showFrame Wizard 16/warp Wizard 87 35/stopAnimation Lucikiel/showFrame Lucikiel 29/pause 500/showFrame Wizard 0/showFrame Lucikiel 0/speed farmer 3/move farmer 0 -1 0 true/speed Lucikiel 3/move Lucikiel 1 0 1 false/move farmer -2 0 0 true/move Lucikiel 2 0 0 false/stopMusic/playMusic night_market/speak Wizard \"{{i18n:Luci.8heart.27}}\"/speak Lucikiel \"{{i18n:Luci.8heart.28}}\"/speak Wizard \"{{i18n:Luci.8heart.29}}\"/speak Lucikiel \"{{i18n:Luci.8heart.30}}\"/speak Wizard \"{{i18n:Luci.8heart.31}}\"/speak Lucikiel \"{{i18n:Luci.8heart.32}}\"/speak Wizard \"{{i18n:Luci.8heart.33}}\"/emote farmer 8/speak Wizard \"{{i18n:Luci.8heart.34}}\"/faceDirection farmer 3/faceDirection Lucikiel 1/emote Lucikiel 12/faceDirection Lucikiel 3/speak Lucikiel \"{{i18n:Luci.8heart.35}}\"/move Wizard 0 1 2/speak Wizard \"{{i18n:Luci.8heart.36}}\"/faceDirection Lucikiel 0/speak Lucikiel \"{{i18n:Luci.8heart.37}}\"/showFrame Wizard 16/pause 500/playSound wand/screenFlash 1.5/warp Junimo 88 36/pause 500/faceDirection farmer 0/emote farmer 16/jump Junimo/playSound junimoMeep1/pause 250/emote Junimo 20/showFrame Wizard 0/faceDirection Wizard 1/speak Wizard \"{{i18n:Luci.8heart.38}}\"/pause 500/jump Junimo/playSound junimoMeep1/pause 500/textAboveHead Lucikiel \"{{i18n:Luci.8heart.39}}\"/pause 500/pause 250/faceDirection farmer 3/pause 500/faceDirection Wizard 2/speak Wizard \"{{i18n:Luci.8heart.40}}\"/pause 500/jump Junimo/playSound junimoMeep1/pause 500/emote Lucikiel 40/speak Lucikiel \"{{i18n:Luci.8heart.41}}\"/speak Wizard \"{{i18n:Luci.8heart.42}}\"/move Wizard 0 2 2/faceDirection farmer 0/speak Wizard \"{{i18n:Luci.8heart.43}}\"/emote Lucikiel 8/textAboveHead Wizard \"{{i18n:Luci.8heart.44}}\"/pause 500/showFrame Wizard 16/jump Junimo/playSound junimoMeep1/pause 1000/playSound wand/screenFlash 3/warp Wizard -999 -999/warp Junimo -999 -999/pause 2000/faceDirection Lucikiel 1/pause 500/faceDirection farmer 3/stopMusic/playMusic ocean/emote Lucikiel 40/speak Lucikiel \"{{i18n:Luci.8heart.45}}\"/pause 50/specificTemporarySprite krobusBeach/pause 100/speed Lucikiel 1/move Lucikiel -2 0 3/speed Lucikiel 1/move Lucikiel 0 1 2/pause 1000/speed farmer 1/move farmer 0 1 3/speed farmer 1/move farmer -2 0 2/viewport move 0 1 1500/pause 500/emote farmer 16/pause 1000/stopMusic/playMusic musicboxsong/pause 1500/speak Lucikiel \"{{i18n:Luci.8heart.46}}\"/faceDirection Lucikiel 2/emote Lucikiel 40/faceDirection farmer 3/speak Lucikiel \"{{i18n:Luci.8heart.47}}\"/faceDirection Lucikiel 1/speak Lucikiel \"{{i18n:Luci.8heart.48}}\"/emote farmer 32/pause 250/speed Lucikiel 1/move Lucikiel 1 0 1/pause 250/speak Lucikiel \"{{i18n:Luci.8heart.49}}\"/speak Lucikiel \"{{i18n:Luci.8heart.50}}\"/faceDirection Lucikiel 2/faceDirection farmer 2/pause 2500/emote Lucikiel 60/pause 500/emote farmer 32/pause 1800/speak Lucikiel \"{{i18n:Luci.8heart.51}}\"/pause 2000/end"
			}
		},
		{ //8 Heart
			"Action": "EditData",
			"Target": "Data/Events/Beach",
			"When": {
				"HasMod": "FlashShifter.StardewValleyExpandedCP"
			},
			"Entries": {
				"1027705/f Lucikiel 2000/t 1800 2350/w sunny": "junimoKart_ghostMusic/-100 -100/farmer 87 30 2 Lucikiel 82 39 3 Wizard -999 -999 2 Junimo -998 -999/addConversationTopic Rehabilitation 30/skippable/viewport 87 39 true/addLantern 735 83 35 1/addLantern 735 83 36 1/removeTemporarySprites/move farmer 0 5 2/shake Lucikiel 1500/speak Lucikiel \"{{i18n:Luci.8heart.0}}\"/emote farmer 8/speak Lucikiel \"{{i18n:Luci.8heart.1}}\"/textAboveHead Lucikiel \"{{i18n:Luci.8heart.2}}\"/move farmer 0 4 3/emote farmer 40/pause 200/quickQuestion {{i18n:Luci.8heart.3}}(break)pause 1/shake Lucikiel 2500/speak Lucikiel \"{{i18n:Luci.8heart.4}}\"/faceDirection Lucikiel 1/textAboveHead Lucikiel \"{{i18n:Luci.8heart.5}}\"/move Lucikiel 4 0 1/speak Lucikiel \"{{i18n:Luci.8heart.6}}\"/speak Lucikiel \"{{i18n:Luci.8heart.7}}\"/emote farmer 16/faceDirection Lucikiel 1/shake Lucikiel 2000/speak Lucikiel \"{{i18n:Luci.8heart.8}}\"/jump farmer/positionOffset farmer 4 0/pause 5/positionOffset farmer 4 0/pause 5/positionOffset farmer 4 0/pause 5/positionOffset farmer 4 0/pause 5/positionOffset farmer 4 0/pause 5/positionOffset farmer 4 0/pause 5/positionOffset farmer 4 0/pause 5/positionOffset farmer 4 0/pause 5/positionOffset farmer 4 0/pause 5/positionOffset farmer 4 0/pause 5/positionOffset farmer 4 0/pause 5/positionOffset farmer 4 0/pause 5/positionOffset farmer 4 0/pause 5/positionOffset farmer 4 0/pause 5/positionOffset farmer 4 0/pause 5/positionOffset farmer 4 0/startJittering/pause 400/move farmer 1 0 1/speed farmer 4/move farmer 1 0 1/faceDirection farmer 0/faceDirection farmer 2 true/pause 250/faceDirection farmer 1/faceDirection farmer 3/startJittering/speed Lucikiel 1/move Lucikiel 2 0 1/pause 1000/quickQuestion {{i18n:Luci.8heart.9}}(break)pause 1\\jump farmer(break)pause 1\\jump farmer(break)pause 1\\jump farmer/pause 300/shake Lucikiel 2000/pause 2000/speak Lucikiel \"{{i18n:Luci.8heart.10}}\"/stopJittering/shake Lucikiel 2000/pause 500/textAboveHead Lucikiel \"{{i18n:Luci.8heart.11}}\"/pause 1000/pause 1000/speak Lucikiel \"{{i18n:Luci.8heart.12}}\"/emote farmer 16/speed farmer 1/move farmer -1 0 3/emote Lucikiel 40/stopMusic/speak Lucikiel \"{{i18n:Luci.8heart.13}}\"/emote farmer 8/stopMusic/shake Lucikiel 3000/pause 1700/playMusic desolate/move Lucikiel -1 0 0/shake Lucikiel 1000/pause 500/pause 1500/shake Lucikiel 10/pause 500/speak Lucikiel \"{{i18n:Luci.8heart.14}}\"/emote farmer 8/move Lucikiel 0 1 2/pause 500/speak Lucikiel \"{{i18n:Luci.8heart.15}}\"/move farmer -1 0 3 true/move farmer 0 1 2/speak Lucikiel \"{{i18n:Luci.8heart.16}}\"/faceDirection Lucikiel 1/faceDirection farmer 3/speak Lucikiel \"{{i18n:Luci.8heart.17}}\"/speak Lucikiel \"{{i18n:Luci.8heart.18}}\"/emote Lucikiel 40/pause 200/faceDirection Lucikiel 2/speak Lucikiel \"{{i18n:Luci.8heart.19}}\"/faceDirection farmer 3/emote farmer 8/speak Lucikiel \"{{i18n:Luci.8heart.20}}\"/emote Lucikiel 40/pause 1000/stopMusic/playMusic ocean/shake Lucikiel 50000/pause 1000/speak Lucikiel \"{{i18n:Luci.8heart.21}}\"/faceDirection farmer 3/emote farmer 8/pause 400/showFrame Lucikiel 29/speak Lucikiel \"{{i18n:Luci.8heart.22}}\"/pause 500/jump farmer/pause 500/shake Lucikiel 10/showFrame Lucikiel 29/playSound wand/screenFlash 3/showFrame Wizard 16/warp Wizard 87 34/pause 500/faceDirection farmer 0/emote farmer 16/pause 300/showFrame Wizard 0/pause 500/move Wizard 0 1 2/move farmer 0 -1 0 true/move Wizard 0 1 2 false/stopMusic/playMusic bigDrums/speak Wizard \"{{i18n:Luci.8heart.23}}\"/speak Lucikiel \"{{i18n:Luci.8heart.24}}\"/faceDirection Lucikiel 1 true/pause 50/faceDirection Lucikiel 0/faceDirection farmer 1/jump farmer/positionOffset farmer 4 0/pause 5/positionOffset farmer 4 0/pause 5/positionOffset farmer 4 0/pause 5/positionOffset farmer 4 0/pause 5/positionOffset farmer 4 0/pause 5/positionOffset farmer 4 0/pause 5/positionOffset farmer 4 0/pause 5/positionOffset farmer 4 0/pause 5/positionOffset farmer 4 0/pause 5/positionOffset farmer 4 0/pause 5/positionOffset farmer 4 0/pause 5/positionOffset farmer 4 0/pause 5/positionOffset farmer 4 0/pause 5/positionOffset farmer 4 0/pause 5/positionOffset farmer 4 0/pause 5/positionOffset farmer 4 0/pause 5/faceDirection farmer 3 true/shake Lucikiel 250/addObject 87 38 362 1/playSound flameSpell/showFrame Wizard 16 true/pause 250/removeTemporarySprites/addObject 87 37 362 1/playSound flameSpell/pause 250/removeTemporarySprites/playSound wand/warp Wizard -999 -999/addObject 87 36 362 1/playSound flameSpell/pause 250/playSound explosion/removeTemporarySprites/addObject 87 35 362 1/pause 250/playSound flameSpellHit/removeTemporarySprites/addObject 87 35 362 1/pause 250/playSound flameSpellHit/removeTemporarySprites/addObject 87 35 362 1/pause 200/removeTemporarySprites/move farmer 1 0 3 true/move Lucikiel 0 -1 0 false/pause 200/warp Wizard 82 39/screenFlash .5/playSound wand/showFrame Wizard 0 true/pause 50/faceDirection Wizard 1/speed Lucikiel 4/move Lucikiel -4 0 3/pause 100/warp Wizard -999 -999/playSound wand/faceDirection Wizard 3 true/pause 100/shake Lucikiel 100/pause 50/addObject 82 38 362 1/playSound flameSpell/pause 250/removeTemporarySprites/warp Wizard 84 39/playSound wand/pause 500/faceDirection Lucikiel 1/shake Lucikiel 100/pause 50/faceDirection Wizard 1/playSound wand/warp Wizard -999 -999/pause 150/addObject 84 38 362 1/playSound flameSpellHit/pause 250/removeTemporarySprites/faceDirection Wizard 1/screenFlash .5/playSound wand/warp Wizard 88 39/pause 500/emote farmer 16/speak Wizard \"{{i18n:Luci.8heart.25}}\"/showFrame Lucikiel 16/pause 300/playSound coldSpell/showFrame Lucikiel 24/playSound flameSpell/pause 300/animate Lucikiel false true 25 25 25 26 26 26 25 25 26 26 27 27 27 25 25 26 26 26 27 27 27 26 26 26 25 25 25 27 27 27 25 25 26 26 25 25 27 27 26 26 25 25 25 26 26 27 27 27 25 25 25/speak Lucikiel \"{{i18n:Luci.8heart.26}}\"/speed farmer 4/move farmer 0 1 2/warp Wizard -999 -999/screenFlash .5/pause 200/addObject 88 38 362 1/playSound flameSpell/pause 200/pause 100/removeTemporarySprites/addObject 89 38 362 1/playSound flameSpell/pause 250/removeTemporarySprites/addObject 90 38 362 1/playSound flameSpellHit/pause 250/removeTemporarySprites/pause 250/playSound flameSpellHit/pause 250/faceDirection farmer 0/pause 300/emote farmer 28/pause 1000/playSound wand/screenFlash 3/showFrame Wizard 16/warp Wizard 87 35/stopAnimation Lucikiel/showFrame Lucikiel 29/pause 500/showFrame Wizard 0/stopMusic/playMusic night_market/showFrame Lucikiel 0/speed farmer 3/move farmer 0 -1 0 true/speed Lucikiel 3/move Lucikiel 1 0 1 false/move farmer -2 0 0 true/move Lucikiel 2 0 0 false/speak Wizard \"{{i18n:Luci.8heart.27}}\"/speak Lucikiel \"{{i18n:Luci.8heart.28}}\"/speak Wizard \"{{i18n:Luci.8heart.29}}\"/speak Lucikiel \"{{i18n:Luci.8heart.30}}\"/speak Wizard \"{{i18n:Luci.8heart.31}}\"/speak Lucikiel \"{{i18n:Luci.8heart.32}}\"/speak Wizard \"{{i18n:Luci.8heart.33}}\"/emote farmer 8/speak Wizard \"{{i18n:Luci.8heart.34}}\"/faceDirection farmer 3/faceDirection Lucikiel 1/emote Lucikiel 12/faceDirection Lucikiel 3/speak Lucikiel \"{{i18n:Luci.8heart.35}}\"/move Wizard 0 1 2/speak Wizard \"{{i18n:Luci.8heart.36}}\"/faceDirection Lucikiel 0/speak Lucikiel \"{{i18n:Luci.8heart.37}}\"/showFrame Wizard 16/pause 500/playSound wand/screenFlash 1.5/warp Junimo 88 36/pause 500/faceDirection farmer 0/emote farmer 16/jump Junimo/playSound junimoMeep1/pause 250/emote Junimo 20/showFrame Wizard 0/faceDirection Wizard 1/speak Wizard \"{{i18n:Luci.8heart.38}}\"/pause 500/jump Junimo/playSound junimoMeep1/pause 500/textAboveHead Lucikiel \"{{i18n:Luci.8heart.39}}\"/pause 500/pause 250/faceDirection farmer 3/pause 500/faceDirection Wizard 2/speak Wizard \"{{i18n:Luci.8heart.40}}\"/pause 500/jump Junimo/playSound junimoMeep1/pause 500/emote Lucikiel 40/speak Lucikiel \"{{i18n:Luci.8heart.41}}\"/speak Wizard \"{{i18n:Luci.8heart.42}}\"/move Wizard 0 2 2/faceDirection farmer 0/speak Wizard \"{{i18n:Luci.8heart.43}}\"/emote Lucikiel 8/stopMusic/playMusic ocean/textAboveHead Wizard \"{{i18n:Luci.8heart.44}}\"/pause 500/showFrame Wizard 16/jump Junimo/playSound junimoMeep1/pause 1000/playSound wand/screenFlash 3/warp Wizard -999 -999/warp Junimo -999 -999/pause 2000/faceDirection Lucikiel 1/pause 500/faceDirection farmer 3/stopMusic/playMusic ocean/emote Lucikiel 40/speak Lucikiel \"{{i18n:Luci.8heart.45}}\"/pause 50/specificTemporarySprite krobusBeach/pause 100/speed Lucikiel 1/move Lucikiel -2 0 3/speed Lucikiel 1/move Lucikiel 0 1 2/pause 1000/speed farmer 1/move farmer 0 1 3/speed farmer 1/move farmer -2 0 2/viewport move 0 1 1500/pause 500/emote farmer 16/pause 1000/stopMusic/playMusic musicboxsong/pause 1500/speak Lucikiel \"{{i18n:Luci.8heart.46}}\"/faceDirection Lucikiel 2/emote Lucikiel 40/faceDirection farmer 3/speak Lucikiel \"{{i18n:Luci.8heart.47}}\"/faceDirection Lucikiel 1/speak Lucikiel \"{{i18n:Luci.8heart.48}}\"/emote farmer 32/pause 250/speed Lucikiel 1/move Lucikiel 1 0 1/pause 250/speak Lucikiel \"{{i18n:Luci.8heart.49}}\"/speak Lucikiel \"{{i18n:Luci.8heart.50}}\"/faceDirection Lucikiel 2/faceDirection farmer 2/pause 2500/emote Lucikiel 60/pause 500/emote farmer 32/pause 1800/speak Lucikiel \"{{i18n:Luci.8heart.51}}\"/pause 2000/end"
			}
		}
	]
}