{
	"Changes": [
		{
			"Action": "EditData",
			"Target": "Data/Events/Custom_LASV_FallsCave",
			"Entries": {
				"75160033/f Dianna 1500": "playful/15 13/farmer 15 17 0 Dianna 16 13 3 Lunna 14 13 1/pause 500/move farmer 0 -2 0/emote farmer 8/pause 400/faceDirection Lunna 2/faceDirection Dianna 2/emote Lunna 16/emote Dianna 56/jump Dianna/pause 500/speak Dianna \"{{i18n:event-75160033.01}}\"/speak Lunna \"{{i18n:event-75160033.02}}\"/emote farmer 56/faceDirection Lunna 0/faceDirection Dianna 3/pause 300/emote Dianna 32/pause 500/speak Dianna \"{{i18n:event-75160033.03}}\"/emote Dianna 56/faceDirection Lunna 1/emote Lunna 12/pause 500/speak Lunna \"{{i18n:event-75160033.04}}\"/speak Dianna \"{{i18n:event-75160033.05}}\"/faceDirection Dianna 2/pause 200/speak Dianna \"{{i18n:event-75160033.06}}\"/faceDirection Lunna 2/emote Lunna 40/pause 500/speak Lunna \"{{i18n:event-75160033.07}}\"/faceDirection Dianna 3/emote farmer 8/emote Dianna 8/pause 500/speak Dianna \"{{i18n:event-75160033.08}}\"/faceDirection Lunna 1/speak Lunna \"{{i18n:event-75160033.09}}\"/emote Dianna 16/jump Dianna/pause 400/speak Dianna \"{{i18n:event-75160033.10}}\"/emote farmer 16/pause 400/move farmer 0 -1 0/faceDirection Lunna 2/message \"{{i18n:event-75160033.11}}\"/speak Lunna \"{{i18n:event-75160033.12}}\"/emote Dianna 56/pause 500/speak Dianna \"{{i18n:event-75160033.13}}\"/jump Dianna/faceDirection Dianna 2/pause 500/message \"{{i18n:event-75160033.14}}\"/emote farmer 16/pause 500/speak Dianna \"{{i18n:event-75160033.15}}\"/speak Lunna \"{{i18n:event-75160033.16}}\"/stopMusic/pause 300/textAboveHead Lunna \"{{i18n:event-75160033.17}}\"/pause 2000/playSound wand/glow 255 0 255/pause 1000/playSound wand/glow 255 0 255/pause 1000/playSound wand/glow 255 0 255/pause 2000/glow 255 255 255/changePortrait Lunna Shadowfolk/changeSprite Lunna Shadowfolk/changePortrait Dianna FallsCave/changeSprite Dianna FallsCave/playSound wand/glow 0 0 255/jump Dianna/emote Lunna 16/emote Dianna 16/emote farmer 16/pause 1000/faceDirection Dianna 3/faceDirection Lunna 1/jump Lunna/jump Dianna/emote Lunna 16/emote Dianna 16/pause 1000/playMusic playful/speak Lunna \"{{i18n:event-75160033.18}}\"/speak Dianna \"{{i18n:event-75160033.19}}\"/speak Lunna \"{{i18n:event-75160033.20}}\"/faceDirection Dianna 0/pause 400/faceDirection Dianna 1/pause 400/faceDirection Dianna 2/pause 400/jump Dianna/pause 300/speak Dianna \"{{i18n:event-75160033.21}}\"/emote farmer 16/pause 500/faceDirection Lunna 2/emote Lunna 16/pause 500/speak Lunna \"{{i18n:event-75160033.22}}\"/emote Dianna 32/pause 500/speak Dianna \"{{i18n:event-75160033.23}}\"/faceDirection Lunna 1/emote Lunna 28/pause 500/speak Lunna \"{{i18n:event-75160033.24}}\"/textAboveHead Dianna \"{{i18n:event-75160033.25}}\"/faceDirection Dianna 3/pause 500/speak Dianna \"{{i18n:event-75160033.26}}\"/emote Lunna 40/pause 500/speak Lunna \"{{i18n:event-75160033.27}}\"/emote Dianna 16/jump Dianna/pause 500/speak Dianna \"{{i18n:event-75160033.28}}\"/emote Lunna 12/pause 500/speak Lunna \"{{i18n:event-75160033.29}}\"/pause 500/textAboveHead Lunna \"{{i18n:event-75160033.30}}\"/textAboveHead Dianna \"{{i18n:event-75160033.31}}\"/pause 1000/glow 0 0 255/playSound wand/emote Lunna 16/emote Dianna 16/emote farmer 16/pause 500/speak Lunna \"{{i18n:event-75160033.32}}\"/speak Dianna \"{{i18n:event-75160033.33}}\"/emote Lunna 32/pause 500/speak Lunna \"{{i18n:event-75160033.34}}\"/faceDirection Lunna 2/faceDirection Dianna 2/speak Dianna \"{{i18n:event-75160033.35}}\"/emote farmer 32/pause 500/speak Dianna \"{{i18n:event-75160033.36}}\"/globalFade/viewport -1000 -1000/pause 200/message \"{{i18n:event-75160033.37}}\"/message \"{{i18n:event-75160033.38}}\"/message \"{{i18n:event-75160033.39}}\"/message \"{{i18n:event-75160033.40}}\"/end dialogue Dianna \"{{i18n:event-75160033.41}}\""
			}
		},
		{
			"Action": "EditData",
			"Target": "Data/Events/Custom_LASV_Umuwi",
			"Entries": {
				"75160016/f Bianka 500/t 600 1800/w sunny": "SettlingIn/57 37/farmer 73 37 3 Bianka 57 37 2 Dianna -100 -100 0/skippable/pause 2000/emote Bianka 56/pause 800/move farmer -12 0 3/faceDirection Bianka 1/emote Bianka 32/pause 800/move Bianka 2 0 1/speak Bianka \"{{i18n:event-75160016.01}}\"/emote farmer 16/pause 500/emote Bianka 28/pause 800/speak Bianka \"{{i18n:event-75160016.02}}\"/move Bianka 1 0 1/emote farmer 8/pause 800/speak Bianka \"{{i18n:event-75160016.03}}\"/emote farmer 40/pause 800/move Bianka -1 0 1/pause 500/speak Bianka \"{{i18n:event-75160016.04}}\"/emote farmer 8/pause 800/speak Bianka \"{{i18n:event-75160016.05}}\"/playSound doorClose/warp Dianna 60 31/faceDirection Dianna 0/pause 500/faceDirection Dianna 1/pause 500/emote Dianna 16/pause 800/faceDirection farmer 0/faceDirection Bianka 0/move Dianna 0 4 2/speak Dianna \"{{i18n:event-75160016.06}}\"/emote Bianka 16/faceDirection Bianka 1/pause 500/speak Bianka \"{{i18n:event-75160016.07}}\"/emote farmer 28/pause 800/speak Dianna \"{{i18n:event-75160016.08}}\"/pause 500/faceDirection farmer 3/pause 500/speak Bianka \"$q 751613 null #{{i18n:event-75160016.09}}#$r 751613 20 event_1bianka1#{{i18n:event-75160016.10}}#$r 751613 -50 event_1bianka2#{{i18n:event-75160016.11}}\"/fork NoTourBianka/emote Bianka 20/pause 800/speak Bianka \"{{i18n:event-75160016.12}}\"/emote Dianna 32/pause 800/speak Dianna \"{{i18n:event-75160016.13}}\"/pause 100/switchEvent 75160016_Tour",
				"75160019/e 75160018/f Bianka 1750/t 800 1400/w sunny": "SettlingIn/90 30/farmer -100 -100 0 Bianka 90 30 2 Raphael -101 -100 2 Esmeralda -102 -100 2/skippable/pause 200/showFrame Bianka 21/shake Bianka 1000/speak Bianka \"{{i18n:event-75160019.01}}\"/emote Bianka 28/pause 800/playSound wand/screenFlash .8/warp farmer 92 28/faceDirection farmer 2/emote Bianka 16/pause 800/move Bianka 2 0 0/emote farmer 8/emote Bianka 28/pause 500/speak Bianka \"{{i18n:event-75160019.02}}\"/emote farmer 16/pause 500/speak Bianka \"{{i18n:event-75160019.03}}\"/jump Bianka/move Bianka 0 1 3/move Bianka -2 0 1/move farmer 0 2 3/move farmer -2 0 1/emote farmer 8/pause 800/speak Bianka \"{{i18n:event-75160019.04}}\"/emote farmer 56/pause 800/speak Bianka \"{{i18n:event-75160019.05}}\"/playSound wand/screenFlash .8/warp Raphael 92 28/faceDirection Raphael 2/emote Bianka 16/emote farmer 16/speak Raphael \"{{i18n:event-75160019.06}}\"/playSound wand/screenFlash .8/warp Esmeralda 93 28/faceDirection Esmeralda 2/speak Esmeralda \"{{i18n:event-75160019.07}}\"/move Bianka 3 0 0/emote Esmeralda 20/emote Bianka 60/pause 800/speak Esmeralda \"{{i18n:event-75160019.08}}\"/speak Bianka \"{{i18n:event-75160019.09}}\"/move Esmeralda 0 2 2/speak Esmeralda \"{{i18n:event-75160019.10}}\"/speak Bianka \"{{i18n:event-75160019.11}}\"/emote Esmeralda 32/pause 400/move Raphael 0 1 2/speak Raphael \"{{i18n:event-75160019.12}}\"/faceDirection Esmeralda 3/speak Esmeralda \"{{i18n:event-75160019.13}}\"/speak Bianka \"{{i18n:event-75160019.14}}\"/emote farmer 32/emote Esmeralda 56/pause 800/speak Esmeralda \"{{i18n:event-75160019.15}}\"/emote Bianka 16/pause 500/speak Bianka \"{{i18n:event-75160019.16}}\"/faceDirection Esmeralda 2/speak Esmeralda \"{{i18n:event-75160019.17}}\"/faceDirection Esmeralda 3/speak Esmeralda \"{{i18n:event-75160019.18}}\"/emote farmer 32/emote Bianka 60/pause 1000/globalFade/viewport -1000 -1000/changeToTemporaryMap Custom_LASV_BiankaHouse false/playMusic playful/warp Bianka 2 11/warp farmer 8 11/warp Esmeralda 4 9/warp Raphael 7 9/faceDirection Bianka 2/faceDirection Esmeralda 2/faceDirection Raphael 2/faceDirection farmer 3/showFrame Bianka 22/viewport 5 10/pause 500/emote Esmeralda 20/pause 800/speak Esmeralda \"{{i18n:event-75160019.19}}\"/speak Bianka \"{{i18n:event-75160019.20}}\"/speak Raphael \"{{i18n:event-75160019.21}}\"/emote Bianka 12/pause 500/speak Bianka \"{{i18n:event-75160019.22}}\"/emote Bianka 60/pause 800/speak Bianka \"{{i18n:event-75160019.23}}\"/emote farmer 32/pause 500/emote Bianka 60/pause 500/emote Esmeralda 8/pause 800/speak Esmeralda \"{{i18n:event-75160019.24}}\"/speak Bianka \"{{i18n:event-75160019.25}}\"/speak Esmeralda \"{{i18n:event-75160019.26}}\"/speak Bianka \"{{i18n:event-75160019.27}}\"/showFrame Bianka 23/pause 500/playSound wand/screenFlash .8/showFrame Bianka 16/pause 500/faceDirection Bianka 0/speak Bianka \"{{i18n:event-75160019.28}}\"/speak Esmeralda \"{{i18n:event-75160019.29}}\"/speak Bianka \"{{i18n:event-75160019.30}}\"/stopMusic/speak Esmeralda \"{{i18n:event-75160019.31}}\"/emote Bianka 16/emote Raphael 16/emote farmer 40/pause 200/speak Raphael \"{{i18n:event-75160019.32}}\"/speak Bianka \"{{i18n:event-75160019.33}}\"/showFrame Bianka 21/emote Bianka 40/pause 1000/emote Esmeralda 8/pause 800/speak Esmeralda \"{{i18n:event-75160019.34}}\"/emote Bianka 28/pause 1000/speak Bianka \"{{i18n:event-75160019.35}}\"/faceDirection Bianka 0/shake Bianka 1000/speak Bianka \"{{i18n:event-75160019.36}}\"/emote Esmeralda 16/jump Raphael/emote farmer 16/pause 800/speak Esmeralda \"{{i18n:event-75160019.37}}\"/speak Raphael \"{{i18n:event-75160019.38}}\"/shake Bianka 1000/pause 500/speak Bianka \"{{i18n:event-75160019.39}}\"/speak Esmeralda \"{{i18n:event-75160019.40}}\"/speak Bianka \"{{i18n:event-75160019.41}}\"/emote Esmeralda 40/pause 500/faceDirection Esmeralda 0/faceDirection Raphael 3/faceDirection farmer 0/speak Esmeralda \"{{i18n:event-75160019.42}}\"/speak Raphael \"{{i18n:event-75160019.43}}\"/speak Bianka \"{{i18n:event-75160019.44}}\"/faceDirection Esmeralda 2/speak Esmeralda \"{{i18n:event-75160019.45}}\"/speak Bianka \"{{i18n:event-75160019.46}}\"/speak Esmeralda \"{{i18n:event-75160019.47}}\"/showFrame Bianka 21/faceDirection farmer 3/speak Bianka \"{{i18n:event-75160019.48}}\"/move Bianka 3 0 2/speak Esmeralda \"{{i18n:event-75160019.49}}\"/move Bianka 0 2 2/warp Bianka -100 -100/playSound doorClose/emote farmer 16/pause 800/faceDirection farmer 0/speak Raphael \"{{i18n:event-75160019.50}}\"/emote farmer 16/pause 800/speak Esmeralda \"{{i18n:event-75160019.51}}\"/pause 800/globalFade/viewport -1000 -1000/changeToTemporaryMap Custom_LASV_FallsCave false/warp Bianka 15 11/warp Esmeralda -100 -100/warp Raphael -101 -100/warp farmer -102 -100/viewport 15 13/faceDirection Bianka 0/speak Bianka \"{{i18n:event-75160019.52}}\"/warp farmer 15 18/move farmer 0 -4 0/move farmer 2 0 0/warp Raphael 15 18/move Raphael 0 -4 0/move Raphael -2 0 0/showFrame Bianka 20/speak Bianka \"{{i18n:event-75160019.53}}\"/speak Raphael \"{{i18n:event-75160019.54}}\"/speak Bianka \"{{i18n:event-75160019.55}}\"/speak Raphael \"{{i18n:event-75160019.56}}\"/speak Bianka \"{{i18n:event-75160019.57}}\"/pause 1000/speak Bianka \"{{i18n:event-75160019.58}}\"/speak Raphael \"{{i18n:event-75160019.59}}\"/glow 255 0 0/playSound wand/emote Raphael 16/emote farmer 16/message \"{{i18n:event-75160019.60}}\"/pause 500/glow 255 0 0/playSound wand/pause 500/speak Raphael \"{{i18n:event-75160019.60.5}}\"/warp Esmeralda 15 18/faceDirection Esmeralda 0/speak Esmeralda \"{{i18n:event-75160019.61}}\"/emote Raphael 16/emote farmer 16/emote Bianka 16/pause 400/faceDirection Raphael 2/faceDirection farmer 2/warp Esmeralda 15 18/move Esmeralda 0 -6 0/faceDirection farmer 0/faceDirection Raphael 0/speak Bianka \"{{i18n:event-75160019.62}}\"/warp Bianka -100 -100/showFrame Esmeralda 19/playMusic desolate/pause 1000/speak Bianka \"{{i18n:event-75160019.63}}\"/speak Esmeralda \"{{i18n:event-75160019.64}}\"/speak Bianka \"{{i18n:event-75160019.65}}\"/glow 230 255 230/speak Esmeralda \"{{i18n:event-75160019.66}}\"/message \"{{i18n:event-75160019.67}}\"/showFrame Esmeralda 8/warp Bianka 15 11/showFrame Bianka 21/speak Bianka \"{{i18n:event-75160019.68}}\"/speak Esmeralda \"{{i18n:event-75160019.69}}\"/emote Bianka 20/emote Esmeralda 20/emote Raphael 32/emote farmer 32/speak Bianka \"{{i18n:event-75160019.70}}\"/speak Esmeralda \"{{i18n:event-75160019.71}}\"/faceDirection Esmeralda 2/speak Raphael \"{{i18n:event-75160019.72}}\"/speak Bianka \"{{i18n:event-75160019.73}}\"/emote Bianka 60/pause 800/speak Bianka \"{{i18n:event-75160019.74}}\"/emote farmer 32/pause 800/emote Esmeralda 56/pause 500/speak Esmeralda \"{{i18n:event-75160019.75}}\"/emote Raphael 8/pause 500/speak Raphael \"{{i18n:event-75160019.76}}\"/emote Esmeralda 56/pause 500/speak Esmeralda \"{{i18n:event-75160019.77}}\"/faceDirection Esmeralda 0/speak Esmeralda \"{{i18n:event-75160019.78}}\"/speak Bianka \"{{i18n:event-75160019.79}}\"/faceDirection Esmeralda 2/speak Esmeralda \"{{i18n:event-75160019.80}}\"/emote Bianka 60/emote farmer 60/pause 800/speak Esmeralda \"{{i18n:event-75160019.81}}\"/speak Bianka \"{{i18n:event-75160019.82}}\"/emote Esmeralda 20/emote Bianka 20/pause 1000/globalFade/viewport -1000 -1000/message \"{{i18n:event-75160019.83}}\"/message \"{{i18n:event-75160019.84}}\"/message \"{{i18n:event-75160019.85}}\"/end dialogue Bianka \"{{i18n:event-75160019.86}}\"",
				"75160014/e 75160013": "SettlingIn/92 33/farmer 92 29 2 Lunna 92 33 3 Dianna 91 33 1/skippable/pause 500/speak Dianna \"{{i18n:event-75160014.01}}\"/speak Lunna \"{{i18n:event-75160014.02}}\"/speak Dianna \"{{i18n:event-75160014.03}}\"/warp Dianna -100 -100/showFrame Lunna 39/pause 2000/speak Dianna \"{{i18n:event-75160014.04}}\"/speak Lunna \"{{i18n:event-75160014.05}}\"/pause 500/glow 194 255 4/pause 1000/warp Dianna 91 33/faceDirection Dianna 1/faceDirection Lunna 3/pause 500/speak Dianna \"{{i18n:event-75160014.06}}\"/speak Lunna \"{{i18n:event-75160014.07}}\"/pause 1000/faceDirection Lunna 0/emote Lunna 16/pause 500/faceDirection Dianna 0/emote Dianna 8/pause 800/speak Dianna \"{{i18n:event-75160014.08}}\"/speak Lunna \"{{i18n:event-75160014.09}}\"/pause 500/emote Lunna 16/pause 800/speak Lunna \"{{i18n:event-75160014.10}}\"/emote farmer 56/pause 800/speak Dianna \"{{i18n:event-75160014.11}}\"/emote farmer 16/pause 800/speak Dianna \"{{i18n:event-75160014.12}}\"/emote farmer 28/pause 800/speak Lunna \"{{i18n:event-75160014.13}}\"/faceDirection Dianna 1/emote Dianna 40/pause 800/speak Dianna \"{{i18n:event-75160014.14}}\"/faceDirection Lunna 3/speak Lunna \"{{i18n:event-75160014.15}}\"/speak Dianna \"{{i18n:event-75160014.16}}\"/speak Lunna \"{{i18n:event-75160014.17}}\"/emote Lunna 32/emote Dianna 20/pause 1000/globalFade/viewport -1000 -1000/message \"{{i18n:event-75160014.18}}\"/pause 200/message \"{{i18n:event-75160014.19}}\"/end",
	 			"75160022/e 75160021/f Bianka 2250/t 600 1200/w sunny": "sweet/89 30/farmer -100 -100 0 Bianka 92 30 3 Esmeralda 88 32 3 Raphael 87 33 0 Wizard 86 32 1/skippable/pause 2000/playSound wand/screenFlash .8/warp farmer 92 28/faceDirection farmer 2/emote farmer 16/pause 500/faceDirection Bianka 0/emote Bianka 32/pause 500/move farmer 0 1 2/speak Bianka \"{{i18n:event-75160022.01}}\"/emote farmer 8/pause 500/speak Bianka \"{{i18n:event-75160022.02}}\"/emote farmer 56/emote Bianka 28/pause 500/speak Bianka \"{{i18n:event-75160022.03}}\"/faceDirection Esmeralda 1/emote Esmeralda 16/speak Esmeralda \"{{i18n:event-75160022.04}}\"/faceDirection farmer 3/faceDirection Bianka 3/emote Esmeralda 56/pause 500/speak Esmeralda \"{{i18n:event-75160022.05}}\"/move Bianka 0 1 3/move Bianka -5 0 2/move farmer 0 2 3/move farmer -3 0 3/faceDirection Esmeralda 3/speak Bianka \"{{i18n:event-75160022.06}}\"/speak Esmeralda \"{{i18n:event-75160022.07}}\"/speak Wizard \"{{i18n:event-75160022.08}}\"/speak Bianka \"{{i18n:event-75160022.09}}\"/speak Wizard \"{{i18n:event-75160022.10}}\"/speak Bianka \"{{i18n:event-75160022.11}}\"/emote Bianka 32/emote Wizard 32/pause 800/speak Wizard \"{{i18n:event-75160022.12}}\"/emote Bianka 16/emote farmer 16/emote Raphael 28/pause 500/speak Bianka \"{{i18n:event-75160022.13}}\"/speak Raphael \"{{i18n:event-75160022.14}}\"/speak Esmeralda \"{{i18n:event-75160022.15}}\"/speak Wizard \"{{i18n:event-75160022.16}}\"/speak Raphael \"{{i18n:event-75160022.17}}\"/speak Bianka \"{{i18n:event-75160022.18}}\"/emote Raphael 32/emote Bianka 32/pause 1000/stopMusic/speak Wizard \"{{i18n:event-75160022.19}}\"/speak Esmeralda \"{{i18n:event-75160022.20}}\"/move Bianka 1 0 2/move Raphael 0 -2 3/move Raphael -1 0 2/move Esmeralda 0 1 0/move Wizard 0 1 0/speak Wizard \"{{i18n:event-75160022.21}}\"/emote Bianka 56/emote Raphael 56/pause 800/showFrame Wizard 16/showFrame Esmeralda 16/showFrame Bianka 49/showFrame Raphael 21/emote farmer 16/pause 4000/playSound wand/glow 255 100 100/pause 1000/playSound wand/glow 255 100 100/pause 1000/playSound wand/glow 255 100 100/speak Bianka \"{{i18n:event-75160022.22}}\"/pause 800/positionOffset Bianka 0 -20/positionOffset Raphael 0 -20/pause 800/positionOffset Bianka 0 -20/positionOffset Raphael 0 -20/pause 800/positionOffset Bianka 0 -20/positionOffset Raphael 0 -20/pause 800/positionOffset Bianka 0 -20/positionOffset Raphael 0 -20/pause 800/positionOffset Bianka 0 -20/positionOffset Raphael 0 -20/pause 800/positionOffset Bianka 0 -20/positionOffset Raphael 0 -20/pause 4000/playSound wand/screenFlash .8/playSound wand/screenFlash .8/pause 1000/glow 255 50 180/glow 255 50 180/screenFlash .8/warp Bianka 88 31/warp Raphael 86 31/showFrame Bianka 24/showFrame Raphael 21/emote farmer 16/pause 1000/faceDirection Esmeralda 0/faceDirection Wizard 0/speak Esmeralda \"{{i18n:event-75160022.23}}\"/speak Wizard \"{{i18n:event-75160022.24}}\"/shake Bianka 1000/speak Bianka \"{{i18n:event-75160022.25}}\"/move Esmeralda 0 -1 0/speak Esmeralda \"{{i18n:event-75160022.26}}\"/faceDirection Bianka 2/emote Esmeralda 40/pause 1000/speak Esmeralda \"{{i18n:event-75160022.27}}\"/speak Bianka \"{{i18n:event-75160022.28}}\"/warp Bianka -100 -100/playMusic desolate/showFrame Esmeralda 19/emote Esmeralda 16/pause 500/speak Esmeralda \"{{i18n:event-75160022.29}}\"/speak Bianka \"{{i18n:event-75160022.30}}\"/faceDirection Raphael 1/emote Raphael 32/speak Raphael \"{{i18n:event-75160022.31}}\"/warp Bianka 88 31/faceDirection Bianka 3/faceDirection Esmeralda 0/speak Bianka \"{{i18n:event-75160022.32}}\"/speak Wizard \"{{i18n:event-75160022.33}}\"/faceDirection Bianka 1/emote farmer 32/pause 500/speak Bianka \"{{i18n:event-75160022.34}}\"/emote Esmeralda 20/pause 500/move Esmeralda 0 1 0/speak Esmeralda \"{{i18n:event-75160022.35}}\"/faceDirection Bianka 2/emote Bianka 8/stopMusic/pause 500/playSound wand/screenFlash .8/showFrame Bianka 30/emote Bianka 16/emote farmer 16/emote Esmeralda 20/emote Raphael 16/pause 1000/playMusic SettlingIn/speak Bianka \"{{i18n:event-75160022.36}}\"/speak Esmeralda \"{{i18n:event-75160022.37}}\"/showFrame Bianka 31/speak Bianka \"{{i18n:event-75160022.38}}\"/emote farmer 20/pause 800/emote Bianka 20/pause 800/speak Esmeralda \"{{i18n:event-75160022.39}}\"/emote Bianka 60/pause 500/showFrame Bianka 30/speak Bianka \"{{i18n:event-75160022.40}}\"/faceDirection farmer 2/speak Esmeralda \"{{i18n:event-75160022.41}}\"/emote farmer 32/pause 800/speak Bianka \"{{i18n:event-75160022.42}}\"/speak Esmeralda \"{{i18n:event-75160022.43}}\"/emote Bianka 20/emote farmer 20/pause 500/speak Bianka \"{{i18n:event-75160022.44}}\"/showFrame Bianka 31/speak Bianka \"{{i18n:event-75160022.45}}\"/pause 800/globalFade/viewport -1000 -1000/changeToTemporaryMap Custom_LASV_FallsCave/warp Bianka 15 13/warp farmer 14 13/warp Esmeralda -100 -100/warp Raphael -101 -100/warp Wizard -102 -100/faceDirection farmer 0/showFrame Bianka 34/viewport 15 12/pause 1000/speak Bianka \"{{i18n:event-75160022.46}}\"/faceDirection farmer 1/showFrame Bianka 35/speak Bianka \"{{i18n:event-75160022.47}}\"/emote farmer 16/emote Bianka 28/pause 800/speak Bianka \"{{i18n:event-75160022.48}}\"/question null \"{{i18n:event-75160022.49}}#{{i18n:event-75160022.50}}#{{i18n:event-75160022.51}}#\"/showFrame Bianka 39/positionOffset Bianka -5 0/positionOffset farmer 5 20/animate farmer false true 100 101/pause 4000/globalFade/viewport -1000 -1000/message \"{{i18n:event-75160022.52}}\"/message \"{{i18n:event-75160022.53}}\"/message \"{{i18n:event-75160022.54}}\"/end dialogue Bianka \"{{i18n:event-75160022.55}}\"",
				"75160027/e 75160026/f Raphael 2250/t 1600 1800/w sunny": "SettlingIn/96 31/farmer -100 -100 0 Esmeralda -101 -100 0 Bianka -102 -100 0 Salvador -103 -100 0 Marlon -104 -100 0 Reenus -105 -100 0 Oddi -106 -100 0 Laarni -107 -100 0 Gabbi -108 -100 0 Dianna -109 -100 0 Raphael 96 31 1/addTemporaryActor UmuwiBeast1 16 32 104 50 3 false/animate UmuwiBeast1 false true 16 16 16 16 16 17 17 17 17 18 18 18 18 17 17 17/addTemporaryActor UmuwiBeast2 16 32 106 51 3 false/animate UmuwiBeast2 false true 16 16 16 16 16 17 17 17 17 18 18 18 18 17 17 17/addTemporaryActor UmuwiBeast3 16 32 109 47 3 false/animate UmuwiBeast3 false true 16 16 16 16 16 17 17 17 17 18 18 18 18 17 17 17/pause 500/shake Raphael 1000/pause 500/speak Raphael \"{{i18n:event-75160027.01}}\"/pause 1000/playSound wand/screenFlash .8/warp farmer 93 28/faceDirection farmer 2/emote Raphael 16/faceDirection Raphael 3/move farmer 0 3 2/emote Raphael 56/pause 500/move Raphael -2 0 3/faceDirection farmer 1/speak Raphael \"{{i18n:event-75160027.02}}\"/emote farmer 8/pause 800/speak Raphael \"{{i18n:event-75160027.03}}\"/emote farmer 28/pause 600/speak Raphael \"{{i18n:event-75160027.04}}\"/emote farmer 56/pause 800/speak Raphael \"{{i18n:event-75160027.05}}\"/emote Raphael 32/pause 1000/playSound wand/screenFlash .8/warp Bianka 92 28/faceDirection Bianka 1/warp Esmeralda 93 28/faceDirection Esmeralda 3/emote farmer 16/emote Raphael 16/faceDirection farmer 0/faceDirection Raphael 0/speak Bianka \"{{i18n:event-75160027.06}}\"/speak Esmeralda \"{{i18n:event-75160027.07}}\"/speak Raphael \"{{i18n:event-75160027.08}}\"/message \"{{i18n:event-75160027.09}}\"/message \"{{i18n:event-75160027.10}}\"/emote farmer 28/emote Raphael 28/pause 500/speak Raphael \"{{i18n:event-75160027.11}}\"/speak Esmeralda \"{{i18n:event-75160027.12}}\"/speak Bianka \"{{i18n:event-75160027.13}}\"/speak Esmeralda \"{{i18n:event-75160027.14}}\"/showFrame Esmeralda 16/pause 500/playSound wand/screenFlash .8/warp Esmeralda -200 -200/warp Bianka -200 -200/pause 500/faceDirection farmer 1/faceDirection Raphael 3/speak Raphael \"{{i18n:event-75160027.15}}\"/emote farmer 32/pause 800/speak Raphael \"{{i18n:event-75160027.16}}\"/playSound wand/screenFlash .8/warp Marlon 93 28/faceDirection Marlon 2/speak Marlon \"{{i18n:event-75160027.17}}\"/faceDirection farmer 0/faceDirection Raphael 0/emote farmer 16/emote Raphael 16/pause 800/playSound wand/screenFlash .8/warp Salvador 92 28/faceDirection Salvador 2/speak Salvador \"{{i18n:event-75160027.18}}\"/emote Salvador 16/pause 800/speak Salvador \"{{i18n:event-75160027.19}}\"/pause 500/speak Salvador \"{{i18n:event-75160027.20}}\"/speak Raphael \"{{i18n:event-75160027.21}}\"/speak Salvador \"{{i18n:event-75160027.22}}\"/emote Marlon 32/pause 500/speak Marlon \"{{i18n:event-75160027.23}}\"/move Salvador 0 1 2/move Marlon 0 1 2/speak Salvador \"{{i18n:event-75160027.24}}\"/emote farmer 32/pause 800/speak Salvador \"{{i18n:event-75160027.25}}\"/speak Raphael \"{{i18n:event-75160027.26}}\"/move farmer 0 1 0/move Raphael -2 0 0/emote Salvador 8/pause 800/speak Salvador \"{{i18n:event-75160027.27}}\"/speak Raphael \"{{i18n:event-75160027.28}}\"/emote Salvador 40/pause 800/speak Salvador \"{{i18n:event-75160027.29}}\"/emote Raphael 28/speak Raphael \"{{i18n:event-75160027.30}}\"/speak Salvador \"{{i18n:event-75160027.31}}\"/speak Raphael \"{{i18n:event-75160027.32}}\"/move Raphael -2 0 3/stopMusic/playSound wand/glow 255 0 0/emote Raphael 16/emote farmer 16/faceDirection Salvador 1/faceDirection Marlon 1/pause 500/speak Raphael \"{{i18n:event-75160027.33}}\"/speak Salvador \"{{i18n:event-75160027.34}}\"/speak Marlon \"{{i18n:event-75160027.35}}\"/speak Salvador \"{{i18n:event-75160027.36}}\"/globalFade/viewport -1000 -1000/warp Salvador 45 24/faceDirection Salvador 2/warp Marlon 48 24/faceDirection Marlon 2/warp Raphael 43 24/faceDirection Raphael 1/warp Bianka 41 26/faceDirection Bianka 1/warp Esmeralda 41 25/faceDirection Esmeralda 1/warp Reenus 42 28/faceDirection Reenus 0/warp Dianna 44 28/faceDirection Dianna 0/warp Laarni 40 27/faceDirection Laarni 1/warp Gabbi 48 27/faceDirection Gabbi 3/warp Oddi 47 28/faceDirection Oddi 0/warp farmer 46 29/faceDirection farmer 0/playMusic echos/viewport 45 26/pause 1000/playSound wand/glow 255 0 0/emote Bianka 16/emote Laarni 16/pause 800/speak Laarni \"{{i18n:event-75160027.37}}\"/speak Esmeralda \"{{i18n:event-75160027.38}}\"/speak Bianka \"{{i18n:event-75160027.39}}\"/speak Reenus \"{{i18n:event-75160027.40}}\"/speak Raphael \"{{i18n:event-75160027.41}}\"/emote Salvador 40/pause 800/speak Salvador \"{{i18n:event-75160027.42}}\"/faceDirection Raphael 1/speak Raphael \"{{i18n:event-75160027.43}}\"/emote Salvador 16/pause 800/faceDirection Marlon 3/speak Marlon \"{{i18n:event-75160027.44}}\"/speak Raphael \"{{i18n:event-75160027.45}}\"/emote Gabbi 16/pause 800/speak Gabbi \"{{i18n:event-75160027.46}}\"/speak Oddi \"{{i18n:event-75160027.47}}\"/emote Raphael 40/pause 800/speak Raphael \"{{i18n:event-75160027.48}}\"/speak Dianna \"{{i18n:event-75160027.49}}\"/speak Salvador \"{{i18n:event-75160027.50}}\"/speak Esmeralda \"{{i18n:event-75160027.51}}\"/faceDirection Raphael 2/speak Raphael \"{{i18n:event-75160027.52}}\"/speak Bianka \"{{i18n:event-75160027.53}}\"/speak Raphael \"{{i18n:event-75160027.54}}\"/emote farmer 32/emote Bianka 32/emote Esmeralda 32/emote Salvador 40/pause 800/speak Raphael \"{{i18n:event-75160027.55}}\"/faceDirection Salvador 3/speak Salvador \"{{i18n:event-75160027.56}}\"/faceDirection Raphael 1/speak Raphael \"{{i18n:event-75160027.57}}\"/playSound wand/glow 255 0 0/move Raphael 0 1 2/jump Raphael/emote Raphael 16/pause 500/speak Raphael \"{{i18n:event-75160027.58}}\"/emote farmer 16/jump Bianka/jump Laarni/textAboveHead Reenus \"{{i18n:event-75160027.59}}\"/textAboveHead Gabbi \"{{i18n:event-75160027.60}}\"/pause 2000/viewport -1000 -1000/stopMusic/warp Raphael 103 50/faceDirection Raphael 1/warp farmer 103 48/faceDirection farmer 0/warp Salvador 103 51/faceDirection Salvador 1/warp Marlon 105 46/faceDirection Marlon 0/animate Salvador false true 100 19 19 19 19 19 19 19 17 18 18 18 19 19 19 19 19/animate Raphael true true 100 23 23 23 23 23 23 23 23 23 23 24 25 25 25 23 23 23 23 23 23 23 23/viewport 103 50/pause 1000/emote Raphael 12/pause 1000/speak Raphael \"{{i18n:event-75160027.61}}\"/playSound shadowHit/stopAnimation UmuwiBeast1/showFrame UmuwiBeast1 19/speak Raphael \"{{i18n:event-75160027.62}}\"/speak Salvador \"{{i18n:event-75160027.63}}\"/stopAnimation UmuwiBeast2/speed UmuwiBeast2 4/move UmuwiBeast2 -5 0 3/emote Raphael 16/pause 500/speak Raphael \"{{i18n:event-75160027.64}}\"/playSound shadowHit/showFrame UmuwiBeast2 19/emote Salvador 16/pause 500/speak Salvador \"{{i18n:event-75160027.65}}\"/emote Raphael 28/pause 500/speak Raphael \"{{i18n:event-75160027.66}}\"/emote Raphael 32/emote Salvador 32/emote farmer 32/pause 2000/globalFade/viewport -1000 -1000/stopAnimation UmuwiBeast3/stopAnimation Raphael/stopAnimation Salvador/message \"{{i18n:event-75160027.67}}\"/message \"{{i18n:event-75160027.68}}\"/message \"{{i18n:event-75160027.69}}\"/pause 1000/warp Salvador 83 35/faceDirection Salvador 2/warp Raphael 84 35/faceDirection Raphael 2/warp Marlon 86 36/faceDirection Marlon 3/warp farmer 85 35/faceDirection farmer 2/warp Esmeralda 82 35/faceDirection Esmeralda 2/warp Bianka 81 36/faceDirection Bianka 1/warp Reenus 83 39/faceDirection Reenus 0/warp Gabbi 85 39/faceDirection Gabbi 0/warp Oddi 86 37/faceDirection Oddi 3/warp Laarni 81 37/faceDirection Laarni 1/warp UmuwiBeast3 86 42/showFrame UmuwiBeast3 19/warp UmuwiBeast1 89 43/showFrame UmuwiBeast2 19/playMusic SettlingIn/viewport 83 37/pause 1000/emote Bianka 32/emote Esmeralda 32/emote Gabbi 28/emote Laarni 32/emote Oddi 32/pause 500/speak Raphael \"{{i18n:event-75160027.70}}\"/speak Gabbi \"{{i18n:event-75160027.71}}\"/speak Reenus \"{{i18n:event-75160027.72}}\"/speak Oddi \"{{i18n:event-75160027.73}}\"/speak Bianka \"{{i18n:event-75160027.74}}\"/speak Esmeralda \"{{i18n:event-75160027.75}}\"/speak Laarni \"{{i18n:event-75160027.76}}\"/textAboveHead Esmeralda \"{{i18n:event-75160027.77}}\"/textAboveHead Reenus \"{{i18n:event-75160027.78}}\"/pause 800/textAboveHead Bianka \"{{i18n:event-75160027.79}}\"/textAboveHead Marlon \"{{i18n:event-75160027.80}}\"/pause 800/emote Raphael 32/pause 500/speak Raphael \"{{i18n:event-75160027.81}}\"/faceDirection Salvador 1/emote Salvador 32/pause 500/faceDirection Raphael 3/speak Salvador \"{{i18n:event-75160027.82}}\"/emote Raphael 32/pause 800/playMusic desolate/speak Raphael \"{{i18n:event-75160027.83}}\"/speak Salvador \"{{i18n:event-75160027.84}}\"/emote Raphael 16/pause 500/speak Raphael \"{{i18n:event-75160027.85}}\"/speak Salvador \"{{i18n:event-75160027.86}}\"/faceDirection Esmeralda 1/speak Esmeralda \"{{i18n:event-75160027.87}}\"/speak Bianka \"{{i18n:event-75160027.88}}\"/faceDirection Raphael 2/emote Raphael 60/pause 800/speak Raphael \"{{i18n:event-75160027.89}}\"/emote farmer 32/pause 1000/globalFade/viewport -1000 -1000/warp UmuwiBeast1 -100 -100/warp UmuwiBeast2 -101 -100/warp UmuwiBeast3 -102 -100/warp Oddi -103 -100/warp Reenus -104 -100/warp Gabbi -105 -100/warp Laarni -106 -100/warp Bianka -107 -100/warp Esmeralda -108 -100/warp Marlon -109 -100/warp Salvador -110 -100/warp farmer 98 12/faceDirection farmer 2/warp Raphael 97 12/faceDirection Raphael 2/message \"{{i18n:event-75160027.90}}\"/message \"{{i18n:event-75160027.91}}\"/pause 2000/speak Raphael \"{{i18n:event-75160027.92}}\"/pause 2000/playMusic spring_day_ambient/viewport 98 12/pause 1000/faceDirection Raphael 1/faceDirection farmer 3/speak Raphael \"{{i18n:event-75160027.93}}\"/emote farmer 56/pause 500/speak Raphael \"{{i18n:event-75160027.94}}\"/emote farmer 32/pause 800/faceDirection Raphael 2/emote Raphael 60/pause 800/speak Raphael \"{{i18n:event-75160027.95}}\"/question null \"{{i18n:event-75160027.96}}#{{i18n:event-75160027.97}}#{{i18n:event-75160027.98}}#{{i18n:event-75160027.99}}#\"/showFrame Raphael 42/positionOffset Raphael 5 0/positionOffset farmer -5 0/animate farmer true true 100 101/pause 4000/globalFade/viewport -1000 -1000/message \"{{i18n:event-75160027.100}}\"/end",
				"75160039/e 75160038/t 700 1200/w sunny/F": "sweet/85 20 /farmer 84 18 2 Lunna 85 18 2/skippable/addFloorProp 761 84 18/addFloorProp 762 85 18/addFloorProp 763 86 18/addFloorProp 793 84 19/addFloorProp 794 85 19/addFloorProp 795 86 19/addFloorProp 825 84 20/addFloorProp 826 85 20/addFloorProp 827 86 20/addFloorProp 857 84 21/addFloorProp 858 85 21/addFloorProp 859 86 21/showFrame Lunna 51/pause 1000/emote Lunna 20/pause 1000/speak Lunna \"{{i18n:event-75160039.01}}\"/emote farmer 20/pause 500/faceDirection Lunna 3/emote Lunna 56/pause 500/faceDirection farmer 1/emote farmer 8/pause 500/speak Lunna \"{{i18n:event-75160039.02}}\"/emote farmer 8/pause 500/speak Lunna \"{{i18n:event-75160039.03}}\"/emote farmer 16/pause 500/addCraftingRecipe LuckyMint/pause 200/message \"{{i18n:event-75160039.04}}\"/pause 500/speak Lunna \"{{i18n:event-75160039.05}}\"/emote farmer 20/pause 500/speak Lunna \"{{i18n:event-75160039.06}}\"/showFrame Lunna 25/positionOffset Lunna -10 0/positionOffset farmer 10 0/animate farmer false true 100 101/emote Lunna 20/pause 2000/speak Lunna \"{{i18n:event-75160039.07}}\"/emote farmer 20/pause 1000/globalFade/viewport -1000 -1000/message \"{{i18n:event-75160039.08}}\"/message \"{{i18n:event-75160039.09}}\"/pause 500/end dialogue Lunna \"{{i18n:event-75160039.10}}\""
			}
		},
		{
			"Action": "EditData",
			"Target": "Data/Events/Forest",
			"Entries": {
				"75160010/e 75160009": "sweet/13 29/farmer 5 27 2 Lunna 5 32 0 Dianna -1000 -1000 0/skippable/pause 500/emote Lunna 16/pause 800/speak Lunna \"{{i18n:event-75160010.01}}\"/emote farmer 16/pause 800/move Lunna 0 -4 0/pause 800/speak Lunna \"{{i18n:event-75160010.02}}\"/pause 500/emote Lunna 32/emote farmer 32/pause 800/speak Lunna \"{{i18n:event-75160010.03}}\"/emote farmer 16/pause 800/jump Lunna/speak Lunna \"{{i18n:event-75160010.04}}\"/jump farmer/pause 800/emote Lunna 28/pause 800/speak Lunna \"{{i18n:event-75160010.05}}\"/emote farmer 20/emote Lunna 20/pause 1000/speak Lunna \"{{i18n:event-75160010.06}}\"/pause 1000/globalFade/viewport -2000 -2000/changeToTemporaryMap Custom_LASV_LunnaLake false/warp farmer 15 19/warp Lunna 14 19/faceDirection farmer 0/faceDirection Lunna 0/viewport 14 12/pause 500/move Lunna 0 -3 0/pause 500/emote Lunna 16/pause 2000/faceDirection Lunna 2/speak Lunna \"{{i18n:event-75160010.07}}\"/emote farmer 32/pause 500/move farmer 0 -2 0/pause 800/message \"{{i18n:event-75160010.08}}\"/pause 500/speak Lunna \"{{i18n:event-75160010.09}}\"/faceDirection Lunna 0/move farmer 0 -1 0/pause 1000/warp farmer -999 -999/warp Lunna -998 -998/playSound wand/screenFlash .8/pause 1000/globalFade/viewport -2000 -2000/changeToTemporaryMap Custom_LASV_Umuwi false/warp farmer 92 29/warp Lunna 93 29/warp Dianna 78 31/faceDirection farmer 2/faceDirection Lunna 2/viewport 94 30/pause 1000/move Lunna 0 2 2/pause 1000/emote Lunna 20/pause 800/faceDirection Lunna 0/pause 1000/speak Lunna \"{{i18n:event-75160010.10}}\"/move farmer 0 2 1/faceDirection Lunna 3/emote farmer 32/emote Lunna 60/pause 800/speak Lunna \"{{i18n:event-75160010.11}}\"/showFrame Lunna 25/positionOffset Lunna -10 0/positionOffset farmer 10 0/animate farmer false true 100 101/emote Lunna 20/pause 2000/stopAnimation farmer/warp Lunna 93 31/warp farmer 92 31/faceDirection Lunna 3/faceDirection farmer 1/pause 1000/speak Lunna \"{{i18n:event-75160010.12}}\"/message \"{{i18n:event-75160010.13}}\"/emote farmer 16/emote Lunna 16/faceDirection farmer 3/move Dianna 6 0 1/textAboveHead Dianna \"{{i18n:event-75160010.14}}\"/move farmer 0 1 3/move Lunna -1 0 3/speak Dianna \"{{i18n:event-75160010.15}}\"/pause 1000/move Lunna -1 0 3/pause 1000/speak Lunna \"{{i18n:event-75160010.16}}\"/pause 500/emote Dianna 8/pause 800/speak Dianna \"{{i18n:event-75160010.17}}\"/pause 200/speak Dianna \"{{i18n:event-75160010.18}}\"/pause 1000/move Lunna -4 0 3/showFrame Lunna 35/emote Dianna 8/pause 800/move Dianna 2 0 1/speak Dianna \"{{i18n:event-75160010.19}}\"/emote Lunna 28/pause 800/speak Lunna \"{{i18n:event-75160010.20}}\"/pause 800/emote Dianna 16/stopMusic/speak Dianna \"{{i18n:event-75160010.21}}\"/pause 200/shake Lunna 1000/showFrame Lunna 51/speak Lunna \"{{i18n:event-75160010.22}}\"/emote Dianna 12/emote Lunna 28/pause 800/speak Lunna \"{{i18n:event-75160010.23}}\"/showFrame Lunna 34/glow 255 255 255/pause 1000/emote Dianna 16/emote farmer 16/message \"{{i18n:event-75160010.24}}\"/glow 255 255 255/pause 1000/speak Dianna \"{{i18n:event-75160010.25}}\"/move farmer 0 -1 0/move farmer -4 0 3/message \"{{i18n:event-75160010.26}}\"/speak Lunna \"{{i18n:event-75160010.27}}\"/pause 200/message \"{{i18n:event-75160010.28}}\"/message \"{{i18n:event-75160010.29}}\"/pause 500/emote farmer 40/pause 500/message \"{{i18n:event-75160010.30}}\"/playMusic desolate/positionOffset farmer -10 0/animate farmer true true 100 101/glow 255 255 255/pause 1000/playSound wand/glow 216 8 178/pause 1000/playSound wand/glow 216 8 178/pause 1000/showFrame Lunna 29/stopAnimation farmer/warp farmer 88 31/faceDirection farmer 3/emote Dianna 16/pause 800/speak Dianna \"{{i18n:event-75160010.31}}\"/glow 216 8 178/pause 1000/faceDirection Lunna 3/showFrame Lunna 31/pause 1000/speak Dianna \"{{i18n:event-75160010.32}}\"/pause 500/speak Lunna \"{{i18n:event-75160010.33}}\"/pause 200/emote Dianna 40/pause 800/speak Dianna \"{{i18n:event-75160010.34}}\"/emote Dianna 16/pause 800/speak Dianna \"{{i18n:event-75160010.35}}\"/glow 194 255 4/pause 1000/faceDirection Lunna 0/faceDirection Lunna 3/emote Dianna 16/pause 800/speak Dianna \"{{i18n:event-75160010.36}}\"/emote Lunna 8/pause 800/speak Lunna \"{{i18n:event-75160010.37}}\"/pause 1000/emote Dianna 40/pause 800/speak Dianna \"{{i18n:event-75160010.38}}\"/pause 500/showFrame Lunna 35/pause 1000/emote Dianna 28/pause 800/speak Lunna \"{{i18n:event-75160010.39}}\"/speak Dianna \"{{i18n:event-75160010.40}}\"/warp Dianna -1000 -1000/showFrame Lunna 39/pause 2000/speak Dianna \"{{i18n:event-75160010.41}}\"/speak Lunna \"{{i18n:event-75160010.42}}\"/speak Dianna \"{{i18n:event-75160010.43}}\"/emote farmer 32/pause 2000/globalFade/viewport -2000 -2000/warp Lunna 85 19/warp Dianna 84 19/warp farmer 87 19/faceDirection farmer 3/faceDirection Lunna 3/faceDirection Dianna 1/stopMusic/pause 2000/message \"{{i18n:event-75160010.44}}\"/viewport 88 18/playMusic sweet/pause 1000/speak Dianna \"{{i18n:event-75160010.45}}\"/pause 500/speak Lunna \"{{i18n:event-75160010.46}}\"/pause 500/emote Dianna 16/pause 800/speak Dianna \"{{i18n:event-75160010.47}}\"/jump Dianna/emote Lunna 20/pause 1000/speak Dianna \"{{i18n:event-75160010.48}}\"/faceDirection Lunna 1/textAboveHead Lunna \"{{i18n:event-75160010.49}}\"/pause 800/speak Dianna \"{{i18n:event-75160010.50}}\"/emote Lunna 60/emote farmer 60/pause 800/speak Lunna \"{{i18n:event-75160010.51}}\"/emote farmer 32/pause 800/speak Dianna \"{{i18n:event-75160010.52}}\"/move Dianna 0 1 1/move Dianna 3 0 0/faceDirection farmer 2/emote Dianna 40/pause 800/speak Dianna \"{{i18n:event-75160010.53}}\"/emote farmer 32/pause 800/faceDirection Dianna 3/speak Dianna \"{{i18n:event-75160010.54}}\"/pause 800/emote Lunna 16/pause 800/speak Lunna \"{{i18n:event-75160010.55}}\"/emote Dianna 8/emote farmer 8/pause 2000/showFrame Lunna 23/speak Lunna \"{{i18n:event-75160010.56}}\"/pause 2000/speak Lunna \"{{i18n:event-75160010.57}}\"/pause 500/move Dianna -2 0 0/pause 1000/emote Lunna 28/pause 1000/emote Dianna 32/pause 800/speak Dianna \"{{i18n:event-75160010.58}}\"/faceDirection Lunna 2/emote Lunna 16/pause 800/speak Dianna \"{{i18n:event-75160010.59}}\"/faceDirection Dianna 2/pause 1000/faceDirection Dianna 1/pause 1000/faceDirection Dianna 0/speak Dianna \"{{i18n:event-75160010.60}}\"/emote farmer 32/emote Lunna 20/pause 800/speak Lunna \"{{i18n:event-75160010.61}}\"/pause 800/speak Dianna \"{{i18n:event-75160010.62}}\"/emote Dianna 20/pause 800/speak Lunna \"{{i18n:event-75160010.63}}\"/pause 500/speak Dianna \"{{i18n:event-75160010.64}}\"/emote farmer 32/emote Lunna 32/pause 200/move farmer -1 0 2/pause 1000/speak Dianna \"{{i18n:event-75160010.65}}\"/emote Dianna 32/animate Dianna false true 100 20 20 21 21 22 22 21 21 20 20 21 21 22 22 21 21/pause 5000/fade/stopAnimation Dianna/viewport -2000 -2000/message \"{{i18n:event-75160010.66}}\"/message \"{{i18n:event-75160010.67}}\"/message \"{{i18n:event-75160010.68}}\"/pause 2000/friendship Dianna 500/friendship Lunna 200/end dialogue Lunna \"{{i18n:event-75160010.69}}\"",
				"75160045/w sunny/z spring summer fall/f Krobus 500": "none/34 23/farmer -100 -100 0 Lunna 34 18 2 Krobus 34 25 2/skippable/pause 1000/emote Lunna 16/pause 500/speak Lunna \"{{i18n:event-75160045.01}}\"/move Lunna 0 3 2/emote Krobus 16/pause 500/jump Krobus/faceDirection Krobus 0/speak Krobus \"{{i18n:event-75160045.02}}\"/jump Krobus/shake Krobus 1000/pause 1000/emote Lunna 16/pause 500/speak Lunna \"{{i18n:event-75160045.03}}\"/pause 500/emote Krobus 8/pause 500/speak Krobus \"{{i18n:event-75160045.04}}\"/emote Lunna 28/pause 500/speak Lunna \"{{i18n:event-75160045.05}}\"/emote Krobus 40/pause 500/move Krobus 0 -1 0/emote Krobus 16/jump Krobus/pause 500/speak Krobus \"{{i18n:event-75160045.06}}\"/speak Lunna \"{{i18n:event-75160045.07}}\"/emote Krobus 32/pause 500/speak Krobus \"{{i18n:event-75160045.08}}\"/emote Lunna 32/pause 500/speak Lunna \"{{i18n:event-75160045.09}}\"/emote Krobus 56/pause 500/speak Krobus \"{{i18n:event-75160045.10}}\"/speak Lunna \"{{i18n:event-75160045.11}}\"/emote Krobus 20/pause 500/speak Krobus \"{{i18n:event-75160045.12}}\"/emote Lunna 56/emote Krobus 56/pause 1000/end"
			}
		},
		{
			"Action": "EditData",
			"Target": "Data/mail",
			"Entries": {
				"WizardLunnaLake": "{{i18n:mail.LASV.1}}",
				"WizardLunnaLakeAlt": "{{i18n:mail.LASV.2}}"
			}
		},
		{
			"Action": "EditData",
			"Target": "Characters/Dialogue/Lunna",
			"Entries": {
				"give_pendant": "{{i18n:Lunna.romance.give_pendant}}",
				"Fri": "{{i18n:Lunna.dialogue.Fri}}",
				"Fri10": "{{i18n:Lunna.dialogue.Fri10}}"
			}
		},
		{
			"LogName": "Marriage Dialogue",
			"Action": "EditData",
			"Target": "Characters/Dialogue/MarriageDialogueLunna",
			"Entries": {
				"jobReturn_Lunna": "{{i18n:Lunna.dialogue.jobReturn}}"
			}
		},
		{
			"LogName": "ScheduleDialogue Strings",
			"Action": "EditData",
			"Target": "Strings/schedules/Lunna",
			"Entries": {
				"Sun.000": "{{i18n:Lunna.strings.Sun.000}}"
			}
		},
		{
			"Action": "EditData",
			"Target": "Data/Events/Custom_LASV_LunnaHouse",
			"Entries": {
				"75160003/e 75160002/f Lunna 1000/t 900 2000": "playful/7 6/farmer 7 10 0 Lunna 12 5 1/skippable/pause 2000/shake Lunna 1000/pause 1000/emote Lunna 40/speak Lunna \"{{i18n:event-75160003.01}}\"/pause 2000/textAboveHead Lunna \"{{i18n:event-75160003.02}}\"/pause 1000/move farmer 0 -1 0/faceDirection Lunna 2/pause 1000/emote Lunna 16/pause 1000/emote farmer 8/move Lunna -5 0 2/move Lunna 0 2 2/pause 1000/speak Lunna \"{{i18n:event-75160003.03}}\"/pause 1000/faceDirection Lunna 0/pause 1000/speak Lunna \"{{i18n:event-75160003.04}}\"/pause 2000/faceDirection Lunna 2/speak Lunna \"{{i18n:event-75160003.05}}\"/pause 1000/textAboveHead Lunna \"{{i18n:event-75160003.06}}\"/move Lunna 0 -2 1/move Lunna 5 0 1/move farmer 0 -4 1/move farmer 4 0 1/pause 500/faceDirection Lunna 3/pause 1000/speak Lunna \"{{i18n:event-75160003.07}}\"/pause 500/speak Lunna \"$q 751604 null #{{i18n:event-75160003.08}}#$r 751604 50 event_3lunna1#{{i18n:event-75160003.09}}#$r 751604 50 event_3lunna2#{{i18n:event-75160003.10}}#$r 751604 -200 event_3lunna3#{{i18n:event-75160003.11}}\"/fork LunnaFixAlone/pause 500/faceDirection Lunna 1/pause 1000/shake Lunna 1000/speak Lunna \"{{i18n:event-75160003.12}}\"/pause 500/fade/message \"{{i18n:event-75160003.13}}\"/end dialogueWarpOut Lunna \"{{i18n:event-75160003.14}}\"",
				"LunnaFixAlone": "stopMusic/pause 1000/speak Lunna \"{{i18n:event-75160003.LunnaFixAlone.01}}\"/pause 4000/faceDirection Lunna 1/speak Lunna \"{{i18n:event-75160003.LunnaFixAlone.02}}\"/pause 1000/fade/message \"{{i18n:event-75160003.LunnaFixAlone.03}}\"/end dialogueWarpOut Lunna \"{{i18n:event-75160003.LunnaFixAlone.04}}\""
			}
		},
		{
			"Action": "EditData",
			"Target": "Data/Events/Custom_LASV_LunnaWestForest",
			"Entries": {
				//Heart Event 6 = 8 Hearts: Truth about Lunna
				"75160007/e 75160006/f Lunna 2000/t 1700 2400/F": "none/13 13/farmer 24 14 3 Lunna 8 1 0 Wizard 9 2 0/skippable/pause 200/move farmer -1 0 3/pause 200/speak Wizard \"{{i18n:event-75160007.01}}\"/pause 200/speak Lunna \"{{i18n:event-75160007.02}}\"/pause 200/emote farmer 8/pause 800/message \"{{i18n:event-75160007.03}}\"/pause 500/globalFade/viewport -1000 -1000/changeToTemporaryMap Custom_LASV_LunnaHouse false/playSound doorClose/warp farmer 7 10/faceDirection farmer 0/warp Lunna 7 5/faceDirection Lunna 1/warp Wizard 10 5/faceDirection Wizard 3/viewport -1000 -1000/viewport 7 6/pause 100/emote Lunna 28/pause 500/emote Wizard 40/pause 500/faceDirection Lunna 2/emote Lunna 16/faceDirection Wizard 2/pause 800/speak Lunna \"{{i18n:event-75160007.04}}\"/speak Wizard \"{{i18n:event-75160007.05}}\"/emote Lunna 40/pause 800/speak Lunna \"{{i18n:event-75160007.06}}\"/pause 200/question null \"{{i18n:event-75160007.07}}#{{i18n:event-75160007.08}}#{{i18n:event-75160007.09}}#{{i18n:event-75160007.10}}#\"/pause 200/shake Lunna 1000/speak Lunna \"{{i18n:event-75160007.11}}\"/faceDirection Wizard 3/pause 200/emote Wizard 40/speak Wizard \"{{i18n:event-75160007.12}}\"/faceDirection Wizard 2/pause 200/speak Wizard \"{{i18n:event-75160007.13}}\"/pause 200/move farmer 0 -3 0/emote farmer 8/speak Lunna \"{{i18n:event-75160007.14}}\"/faceDirection Wizard 3/pause 500/speak Wizard \"{{i18n:event-75160007.15}}\"/emote Lunna 16/faceDirection Lunna 1/speak Lunna \"{{i18n:event-75160007.16}}\"/pause 500/faceDirection Lunna 2/pause 500/speak Lunna \"{{i18n:event-75160007.17}}\"/message \"{{i18n:event-75160007.18}}\"/showFrame Lunna 23/pause 500/faceDirection Wizard 2/pause 1000/showFrame Wizard 16/pause 800/playSound wand/screenFlash .8/pause 1000/screenFlash .8/pause 1000/screenFlash .8/pause 1000/glow 216 8 178/showFrame Lunna 20/emote farmer 16/pause 1000/faceDirection Wizard 3/pause 1000/faceDirection Wizard 2/speak Wizard \"{{i18n:event-75160007.19}}\"/pause 1000/emote Lunna 40/speak Wizard \"{{i18n:event-75160007.20}}\"/faceDirection Wizard 3/pause 500/faceDirection Wizard 2/pause 500/speak Wizard \"{{i18n:event-75160007.21}}\"/showFrame Wizard 16/pause 800/playSound wand/screenFlash .8/warp Wizard -1000 -1000/pause 1000/speak Lunna \"{{i18n:event-75160007.22}}\"/pause 500/emote Lunna 28/pause 2000/speak Lunna \"{{i18n:event-75160007.23}}\"/pause 2000/question null \"{{i18n:event-75160007.24}}#{{i18n:event-75160007.25}}#{{i18n:event-75160007.26}}#{{i18n:event-75160007.27}}#\"/speak Lunna \"{{i18n:event-75160007.28}}\"/pause 1000/speak Lunna \"{{i18n:event-75160007.29}}\"/pause 200/showFrame Lunna 30/pause 3000/speak Lunna \"{{i18n:event-75160007.30}}\"/pause 2000/speak Lunna \"{{i18n:event-75160007.31}}\"/pause 1000/question null \"{{i18n:event-75160007.32}}#{{i18n:event-75160007.33}}#{{i18n:event-75160007.34}}#\"/pause 500/speak Lunna \"{{i18n:event-75160007.35}}\"/emote Lunna 28/pause 800/speak Lunna \"{{i18n:event-75160007.36}}\"/emote farmer 40/pause 800/speak Lunna \"{{i18n:event-75160007.37}}\"/emote Lunna 28/pause 1500/move farmer 0 -1 0/speak Lunna \"{{i18n:event-75160007.38}}\"/move farmer -1 0 0/move farmer 0 -1 1/pause 200/positionOffset farmer 20 10/animate farmer false true 100 101/playMusic desolate/pause 500/speak Lunna \"{{i18n:event-75160007.39}}\"/pause 500/message \"{{i18n:event-75160007.40}}\"/emote Lunna 28/pause 2000/question null \"{{i18n:event-75160007.41}}#{{i18n:event-75160007.42}}#{{i18n:event-75160007.43}}#{{i18n:event-75160007.44}}#\"/speak Lunna \"{{i18n:event-75160007.45}}\"/showframe Lunna 35/message \"{{i18n:event-75160007.46}}\"/emote farmer 20/emote Lunna 20/pause 800/speak Lunna \"{{i18n:event-75160007.47}}\"/message \"{{i18n:event-75160007.48}}\"/pause 1000/glow 194 255 49/pause 1000/stopAnimation farmer/warp farmer 6 5/faceDirection farmer 1/faceDirection Lunna 3/speak Lunna \"{{i18n:event-75160007.49}}\"/pause 500/speak Lunna \"{{i18n:event-75160007.50}}\"/emote farmer 32/pause 800/fade/pause 1000/message \"{{i18n:event-75160007.51}}\"/end"
			}
		},
		{
			"Action": "EditData",
			"Target": "Data/Events/SeedShop",
			"Entries": {
				//HeartEvent 4 = 6 Hearts: Lunna buy Food
				"75160004/e 75160003/f Lunna 1500/t 900 1400/d Wed Fri Sun/w sunny/F": "playful/8 21/farmer 6 27 0 Lunna 5 19 0 Pierre 4 17 2/skippable/pause 1000/emote Lunna 32/speak Lunna \"{{i18n:event-75160004.01}}\"/pause 500/speak Pierre \"{{i18n:event-75160004.02}}\"/pause 500/emote Lunna 8/pause 800/speak Lunna \"{{i18n:event-75160004.03}}\"/pause 500/emote Pierre 16/pause 800/speak Pierre \"{{i18n:event-75160004.04}}\"/pause 800/move farmer 0 -5 0 true/pause 800/emote Pierre 16/pause 500/faceDirection Lunna 2/pause 1000/emote farmer 8/pause 800/speak Pierre \"{{i18n:event-75160004.05}}\"/pause 200/speak Lunna \"{{i18n:event-75160004.06}}\"/pause 500/emote farmer 32/pause 1000/faceDirection Lunna 0/textAboveHead Lunna \"{{i18n:event-75160004.07}}\"/pause 1000/speak Pierre \"{{i18n:event-75160004.08}}\"/pause 500/emote Lunna 20/pause 800/speak Lunna \"{{i18n:event-75160004.09}}\"/pause 500/faceDirection Lunna 2/pause 500/speak Lunna \"{{i18n:event-75160004.10}}\"/pause 500/emote farmer 32/pause 1000/globalFade/viewport -2000 -2000/changeLocation Town false/warp farmer 71 9/faceDirection farmer 2/warp Lunna 72 9/faceDirection Lunna 2/viewport -2000 -2000/viewport 76 13/pause 500/animate Lunna false true 100 16 16 16 16 16 16 16 16 16 16 16 16 17 18 19 19 19/pause 2000/speak Lunna \"{{i18n:event-75160004.11}}\"/emote farmer 32/emote Lunna 20/pause 1500/speak Lunna \"{{i18n:event-75160004.12}}\"/pause 1000/stopAnimation Lunna 2/pause 500/speak Lunna \"{{i18n:event-75160004.13}}\"/pause 500/emote farmer 32/pause 1000/speak Lunna \"{{i18n:event-75160004.14}}\"/faceDirection Lunna 3/pause 500/speak Lunna \"{{i18n:event-75160004.15}}\"/pause 500/emote farmer 8/pause 800/emote Lunna 16/pause 800/speak Lunna \"{{i18n:event-75160004.16}}\"/pause 1000/speak Lunna \"{{i18n:event-75160004.17}}\"/pause 500/speak Lunna \"$q 751605 null #{{i18n:event-75160004.18}}#$r 751605 30 event_4lunna1#{{i18n:event-75160004.19}}#$r 751605 30 event_4lunna2#{{i18n:event-75160004.20}}#$r 751605 -50 event_4lunna3#{{i18n:event-75160004.21}}\"/pause 1000/speak Lunna \"{{i18n:event-75160004.22}}\"/pause 1000/speak Lunna \"{{i18n:event-75160004.23}}\"/pause 500/speak Lunna \"{{i18n:event-75160004.24}}\"/emote farmer 20/pause 1500/fade/pause 1000/message \"{{i18n:event-75160004.25}}\"/end"
			}
		}
	]
}