{
"Changes": [
	{   
		"Action": "EditData",
		"Target": "Characters/Dialogue/Aguar",
		"Entries": {
			"Mon8": "{{i18n:Aguar.Dialogue.Mon8}}"
		}
	},
	{   
		"Action": "EditData",
		"Target": "Characters/Dialogue/Lola",
		"Entries": {
			"Thu4": "{{i18n:Lola.Dialogue.Thu4}}"
		}
	},
	{   
		"Action": "EditData",
		"Target": "Characters/Dialogue/Kenneth",
		"Entries": {
			"fall_26": "{{i18n:Kenneth.Dialogue.fall_26}}"
		}
	},
	{   
		"Action": "EditData",
		"Target": "Characters/Dialogue/Undreya",
		"Entries": {
			"Sat": "{{i18n:Undreya.Dialogue.Sat}}"
		}
	},
	
	{
   
		"Action": "EditData",
		"Target": "Characters/Dialogue/Pipo",
		"Entries": {
			"Mon": "{{i18n:Pipo.Dialogue.random.{{Random: 1, 2, 3, 4, 5, 6, 7, 8, 9, 10, 11, 12, 13, 14, 15, 16, 17, 18, 19, 20}}}}",
			"Tue": "{{i18n:Pipo.Dialogue.random.{{Random: 1, 2, 3, 4, 5, 6, 7, 8, 9, 10, 11, 12, 13, 14, 15, 16, 17, 18, 19, 20}}}}",
			"Wed": "{{i18n:Pipo.Dialogue.random.{{Random: 1, 2, 3, 4, 5, 6, 7, 8, 9, 10, 11, 12, 13, 14, 15, 16, 17, 18, 19, 20}}}}",
			"Thu": "{{i18n:Pipo.Dialogue.random.{{Random: 1, 2, 3, 4, 5, 6, 7, 8, 9, 10, 11, 12, 13, 14, 15, 16, 17, 18, 19, 20}}}}",
			"Fri": "{{i18n:Pipo.Dialogue.random.{{Random: 1, 2, 3, 4, 5, 6, 7, 8, 9, 10, 11, 12, 13, 14, 15, 16, 17, 18, 19, 20}}}}",
			"Sat": "{{i18n:Pipo.Dialogue.random.{{Random: 1, 2, 3, 4, 5, 6, 7, 8, 9, 10, 11, 12, 13, 14, 15, 16, 17, 18, 19, 20}}}}",
			"Sun": "{{i18n:Pipo.Dialogue.random.{{Random: 1, 2, 3, 4, 5, 6, 7, 8, 9, 10, 11, 12, 13, 14, 15, 16, 17, 18, 19, 20}}}}"
		}
	},
	
	{
		"Action": "EditData",
		"Target": "Characters/Dialogue/Raeriyala",
		"Entries": {
			"Mon": "{{i18n:Raeriyala.Dialogue.random.{{Random: 1, 2, 3, 4, 5, 6, 7, 8, 9, 10, 11, 12, 13, 14, 15, 16, 17, 18, 19, 20}}}}",
			"Tue": "{{i18n:Raeriyala.Dialogue.random.{{Random: 1, 2, 3, 4, 5, 6, 7, 8, 9, 10, 11, 12, 13, 14, 15, 16, 17, 18, 19, 20}}}}",
			"Wed": "{{i18n:Raeriyala.Dialogue.random.{{Random: 1, 2, 3, 4, 5, 6, 7, 8, 9, 10, 11, 12, 13, 14, 15, 16, 17, 18, 19, 20}}}}",
			"Thu": "{{i18n:Raeriyala.Dialogue.random.{{Random: 1, 2, 3, 4, 5, 6, 7, 8, 9, 10, 11, 12, 13, 14, 15, 16, 17, 18, 19, 20}}}}",
			"Fri": "{{i18n:Raeriyala.Dialogue.random.{{Random: 1, 2, 3, 4, 5, 6, 7, 8, 9, 10, 11, 12, 13, 14, 15, 16, 17, 18, 19, 20}}}}",
			"Sat": "{{i18n:Raeriyala.Dialogue.random.{{Random: 1, 2, 3, 4, 5, 6, 7, 8, 9, 10, 11, 12, 13, 14, 15, 16, 17, 18, 19, 20}}}}",
			"Sun": "{{i18n:Raeriyala.Dialogue.random.{{Random: 1, 2, 3, 4, 5, 6, 7, 8, 9, 10, 11, 12, 13, 14, 15, 16, 17, 18, 19, 20}}}}"
		}
	},
	
	{
		"Action": "EditData",
		"Target": "Data/Events/Custom_Ridgeside_AguarLab",
		"Entries": {
		//Aguar and Rasmodius talk (Aguar 4 hearts)
			"75160062/f Aguar 1000/t 1200 1900/e 75160061": "WizardSong/10 8/farmer -1000 -1000 0 Aguar 4 8 0 Wizard 8 8 3/skippable/pause 1000/move Aguar -1 0 0/pause 1000/move Aguar 1 0 0/pause 1000/speak Wizard \"{{i18n:event-75160062.01}}\"/speak Aguar \"{{i18n:event-75160062.02}}\"/speak Wizard \"{{i18n:event-75160062.03}}\"/move Aguar 0 1 1/move Aguar 2 0 1/faceDirection Wizard 2/pause 1000/speak Aguar \"{{i18n:event-75160062.04}}\"/speak Wizard \"{{i18n:event-75160062.05}}\"/speak Aguar \"{{i18n:event-75160062.06}}\"/playSound doorClose/warp farmer 6 13/move farmer 0 -1 0/faceDirection Aguar 2/emote Aguar 8/emote Wizard 8/pause 500/emote farmer 16/pause 500/speak Aguar \"{{i18n:event-75160062.07}}\"/speak Wizard \"{{i18n:event-75160062.08}}\"/emote farmer 28/pause 500/faceDirection Aguar 1/speak Wizard \"{{i18n:event-75160062.09}}\"/speak Aguar \"{{i18n:event-75160062.10}}\"/emote farmer 28/pause 500/speak Wizard \"{{i18n:event-75160062.11}}\"/speak Aguar \"{{i18n:event-75160062.12}}\"/emote Wizard 28/move farmer 0 -1 0/move farmer 2 0 0/speak Aguar \"{{i18n:event-75160062.13}}\"/move Aguar -1 0 0/move Aguar 0 -1 0/speak Wizard \"{{i18n:event-75160062.14}}\"/emote farmer 8/move Aguar 0 1 1/move Aguar 1 0 1/emote Aguar 12/pause 500/speak Aguar \"{{i18n:event-75160062.15}}\"/emote farmer 8/pause 500/speak Wizard \"{{i18n:event-75160062.16}}\"/emote farmer 32/pause 500/speak Wizard \"{{i18n:event-75160062.17}}\"/emote Aguar 12/pause 500/speak Aguar \"{{i18n:event-75160062.18}}\"/emote farmer 16/pause 500/speak Aguar \"{{i18n:event-75160062.19}}\"/emote farmer 40/pause 500/speak Wizard \"{{i18n:event-75160062.20}}\"/speak Aguar \"{{i18n:event-75160062.21}}\"/emote farmer 28/pause 500/speak Wizard \"{{i18n:event-75160062.22}}\"/speak Aguar \"{{i18n:event-75160062.23}}\"/faceDirection Aguar 2/emote Aguar 40/pause 500/speak Aguar \"{{i18n:event-75160062.24}}\"/emote farmer 56/pause 500/speak Aguar \"{{i18n:event-75160062.25}}\"/faceDirection Aguar 1/emote farmer 56/pause 500/textAboveHead Wizard \"{{i18n:event-75160062.26}}\"/pause 800/textAboveHead Aguar \"{{i18n:event-75160062.27}}\"/fade/viewport -1000 -1000/pause 1500/message \"{{i18n:event-75160062.28}}\"/end dialogueWarpOut Aguar \"{{i18n:event-75160062.29}}\"",
		//Aguar and Farmer find cave (Aguar 6 hearts)
			"75160063/H/f Aguar 1500/t 900 1500/e 75160062": "WizardSong/19 6/farmer 16 11 0 Aguar 22 6 0/broadcastEvent/pause 1000/emote Aguar 40/move farmer 0 -5 1/emote farmer 8/pause 500/animate Aguar false true 100 20 20 21 21 22 22 23 23/pause 2000/speak Aguar \"{{i18n:event-75160063.01}}\"/move farmer 3 0 1/stopAnimation Aguar 0/faceDirection Aguar 3/emote Aguar 16/pause 500/speak Aguar \"{{i18n:event-75160063.02}}\"/emote farmer 32/pause 500/speak Aguar \"{{i18n:event-75160063.03}}\"/emote farmer 8/move farmer -3 0 2 true/move Aguar -3 0 2 true/pause 2000/globalFade/viewport -1000 -1000/changeToTemporaryMap Custom_Ridgeside_RidgesideVillage false/warp farmer 64 108/warp Aguar 65 108/faceDirection farmer 0/faceDirection Aguar 0/playMusic summer_day_ambient/fade/viewport 63 107/move farmer 0 -1 0/move Aguar 0 -2 3/pause 500/emote farmer 8/pause 500/emote Aguar 40/pause 500/speak Aguar \"{{i18n:event-75160063.04}}\"/faceDirection Aguar 2/pause 500/speak Aguar \"{{i18n:event-75160063.05}}\"/emote farmer 32/pause 500/positionOffset farmer 0 -20/pause 1000/emote Aguar 40/pause 500/speak Aguar \"{{i18n:event-75160063.06}}\"/showFrame Aguar 16/pause 1000/playSound wand/playSound batFlap/glow 0 0 255 true/pause 1500/playSound hammer/pause 500/playSound hammer/pause 500/playSound hammer/emote farmer 16/pause 500/stopGlowing/pause 1000/faceDirection Aguar 3/emote Aguar 40/emote farmer 40/pause 1000/playSound boulderCrack/emote farmer 16/emote Aguar 16/pause 200/globalFade/viewport -1000 -1000/pause 200/message \"{{i18n:event-75160063.07}}\"/pause 500/playSound ow/pause 1000/speak Aguar \"{{i18n:event-75160063.08}}\"/pause 1000/stopMusic/playMusic Cavern/changeToTemporaryMap Custom_Ridgeside_AguarCave false/warp farmer 12 26/warp Aguar 14 26/faceDirection farmer 2/faceDirection Aguar 3/showFrame farmer 5/fade/viewport 10 20/pause 1000/speak Aguar \"{{i18n:event-75160063.09}}\"/emote farmer 8/faceDirection farmer 0/pause 500/move farmer -3 0 0 true/move Aguar -3 0 0 true/pause 3000/emote Aguar 56/pause 500/speak Aguar \"{{i18n:event-75160063.10}}\"/move Aguar -1 0 0/move Aguar 0 -2 0/pause 500/emote Aguar 40/pause 500/speak Aguar \"{{i18n:event-75160063.11}}\"/emote farmer 16/pause 500/faceDirection Aguar 2/pause 500/speak Aguar \"{{i18n:event-75160063.12}}\"/emote farmer 28/pause 1000/speak Aguar \"{{i18n:event-75160063.13}}\"/move Aguar 0 2 3/faceDirection farmer 1/speak Aguar \"{{i18n:event-75160063.14}}\"/emote farmer 56/pause 500/move Aguar 3 0 2 true/move farmer 2 0 2 true/pause 2000/globalFade/viewport -1000 -1000/pause 500/message \"{{i18n:event-75160063.15}}\"/pause 1000/end dialogueWarpOut Aguar \"{{i18n:event-75160063.16}}\""

		}
	},
	
	{
		"Action": "EditData",
		"Target": "Data/Events/WizardHouse",
		"Entries": {
		//Kiwi's origins (Kiwi 8 hearts)
			"75160180/f Kiwi 2000/e 75160179": "WizardSong/8 16/farmer 8 19 0 Wizard 8 15 1 Kiwi 9 15 3/skippable/pause 300/move farmer 0 -2 0/emote farmer 8/pause 500/speak Wizard \"{{i18n:event-75160180.01}}\"/speak Kiwi \"{{i18n:event-75160180.02}}\"/faceDirection Wizard 2/faceDirection Kiwi 2/speak Wizard \"{{i18n:event-75160180.03}}\"/emote farmer 56/pause 500/speak Kiwi \"{{i18n:event-75160180.04}}\"/speak Wizard \"{{i18n:event-75160180.05}}\"/speak Kiwi \"{{i18n:event-75160180.06}}\"/faceDirection Kiwi 3/faceDirection wizard 1/speak Kiwi \"{{i18n:event-75160180.07}}\"/faceDirection Kiwi 2/speak Kiwi \"{{i18n:event-75160180.08}}\"/animate Kiwi false false 100 16 17 18 19 20/pause 500/warp Kiwi -100 -100/playSound shadowpeep/emote farmer 16/pause 500/faceDirection Wizard 2/speak Wizard \"{{i18n:event-75160180.09}}\"/emote farmer 8/pause 500/speak Wizard \"{{i18n:event-75160180.10}}\"/emote farmer 16/pause 500/speak Wizard \"{{i18n:event-75160180.11}}\"/emote farmer 40/pause 500/speak Wizard \"{{i18n:event-75160180.12}}\"/emote farmer 40/pause 500/speak Wizard \"{{i18n:event-75160180.13}}\"/move Wizard 2 0 2 true/move farmer 0 2 2 true/pause 1000/end warpOut"
		}
	},
	
	{
		"Action": "EditData",
		"Target": "Data/Festivals/fall27",
		"Entries": {
			"Jeric_spouse": "{{i18n:Festivals.SpiritEve.Jeric_spouse}}"
		}
	},

	{
   
		"Action": "EditData",
		"Target": "Characters/Dialogue/Daia",
		"Entries": {
			"Mon": "{{i18n:Daia.Dialogue.random.{{Random: 1, 2, 3, 4, 5, 6, 7, 8, 9, 10, 11, 12, 13, 14, 15, 16, 17, 18, 19, 20}}}}",
			"Tue": "{{i18n:Daia.Dialogue.random.{{Random: 1, 2, 3, 4, 5, 6, 7, 8, 9, 10, 11, 12, 13, 14, 15, 16, 17, 18, 19, 20}}}}",
			"Wed": "{{i18n:Daia.Dialogue.random.{{Random: 1, 2, 3, 4, 5, 6, 7, 8, 9, 10, 11, 12, 13, 14, 15, 16, 17, 18, 19, 20}}}}",
			"Thu": "{{i18n:Daia.Dialogue.random.{{Random: 1, 2, 3, 4, 5, 6, 7, 8, 9, 10, 11, 12, 13, 14, 15, 16, 17, 18, 19, 20}}}}",
			"Fri": "{{i18n:Daia.Dialogue.random.{{Random: 1, 2, 3, 4, 5, 6, 7, 8, 9, 10, 11, 12, 13, 14, 15, 16, 17, 18, 19, 20}}}}",
			"Sat": "{{i18n:Daia.Dialogue.random.{{Random: 1, 2, 3, 4, 5, 6, 7, 8, 9, 10, 11, 12, 13, 14, 15, 16, 17, 18, 19, 20}}}}",
			"Sun": "{{i18n:Daia.Dialogue.random.{{Random: 1, 2, 3, 4, 5, 6, 7, 8, 9, 10, 11, 12, 13, 14, 15, 16, 17, 18, 19, 20}}}}"
		}
	},
	
	{
		"Action": "EditData",
		"Target": "Characters/Dialogue/Daia",
		"When": { "HasSeenEvent: hostPlayer": "75160263" },
		"Entries": {
			"Mon": "{{i18n:Daia.Dialogue.random.{{Random: 1, 2, 3, 4, 5, 6, 7, 8, 9, 10, 11, 12, 13, 14, 15, 16, 17, 18, 19, 20, 21, 22, 23, 24, 25, 26, 27, 28, 29, 30, 31, 32, 33, 34, 35, 36, 37, 38, 39, 40}}}}",
			"Tue": "{{i18n:Daia.Dialogue.random.{{Random: 1, 2, 3, 4, 5, 6, 7, 8, 9, 10, 11, 12, 13, 14, 15, 16, 17, 18, 19, 20, 21, 22, 23, 24, 25, 26, 27, 28, 29, 30, 31, 32, 33, 34, 35, 36, 37, 38, 39, 40}}}}",
			"Wed": "{{i18n:Daia.Dialogue.random.{{Random: 1, 2, 3, 4, 5, 6, 7, 8, 9, 10, 11, 12, 13, 14, 15, 16, 17, 18, 19, 20, 21, 22, 23, 24, 25, 26, 27, 28, 29, 30, 31, 32, 33, 34, 35, 36, 37, 38, 39, 40}}}}",
			"Thu": "{{i18n:Daia.Dialogue.random.{{Random: 1, 2, 3, 4, 5, 6, 7, 8, 9, 10, 11, 12, 13, 14, 15, 16, 17, 18, 19, 20, 21, 22, 23, 24, 25, 26, 27, 28, 29, 30, 31, 32, 33, 34, 35, 36, 37, 38, 39, 40}}}}",
			"Fri": "{{i18n:Daia.Dialogue.random.{{Random: 1, 2, 3, 4, 5, 6, 7, 8, 9, 10, 11, 12, 13, 14, 15, 16, 17, 18, 19, 20, 21, 22, 23, 24, 25, 26, 27, 28, 29, 30, 31, 32, 33, 34, 35, 36, 37, 38, 39, 40}}}}",
			"Sat": "{{i18n:Daia.Dialogue.random.{{Random: 1, 2, 3, 4, 5, 6, 7, 8, 9, 10, 11, 12, 13, 14, 15, 16, 17, 18, 19, 20, 21, 22, 23, 24, 25, 26, 27, 28, 29, 30, 31, 32, 33, 34, 35, 36, 37, 38, 39, 40}}}}",
			"Sun": "{{i18n:Daia.Dialogue.random.{{Random: 1, 2, 3, 4, 5, 6, 7, 8, 9, 10, 11, 12, 13, 14, 15, 16, 17, 18, 19, 20, 21, 22, 23, 24, 25, 26, 27, 28, 29, 30, 31, 32, 33, 34, 35, 36, 37, 38, 39, 40}}}}"
		}
	},

	// NPC Adventures
	{
		"LogName": "RSV NPC Adventures compat",
		"Action": "EditData",
		"Target": "Strings/SpeechBubbles",
		"When": {
			"HasMod": "Rafseazz.RSVNACP"
		},
		"Entries": {
			"ambient_Forest_Jio": "{{i18n:ambient_Forest_Jio}}",
			"ambient_Forest_Faye~1": "{{i18n:ambient_Forest_Faye~1}}"

		}
	},
	{
		"Action": "EditData",
		"Target": "Characters/Dialogue/Jio",
		"When": {
			"HasMod": "Rafseazz.RSVNACP"
		},
		"Entries": {
			"companion_WizardHouse": "{{i18n:Jio.Dialogue.companion_WizardHouse}}"
		}
	},
	{
		"LogName": "Companion dialogues for Maddie",
		"Action": "EditData",
		"Target": "Characters/Dialogue/Maddie",
		"When": {
			"HasMod": "Rafseazz.RSVNACP"
		},
		"Entries": {
			"companion_Custom_Ridgeside_AguarBasement": "{{i18n:Maddie.Dialogue.companion_Custom_Ridgeside_AguarBasement}}"
		}
	}
	]
}