{
  "MMAP_ClearSky": {
    "BackingDay": [
      {
        "Id": "MMAP_Raining",
        "Condition": "mushymato.MMAP_RAINING_HERE",
        "Texture": "LooseSprites/Cursors",
        "SourceRect": {
          "X": 640,
          "Y": 858,
          "Width": 1,
          "Height": 184
        }
      },
      {
        "Id": "MMAP_Spring",
        "Condition": "SEASON Spring",
        "Texture": "LooseSprites/Cursors",
        "SourceRect": {
          "X": 639,
          "Y": 1051,
          "Width": 1,
          "Height": 400
        }
      },
      {
        "Id": "MMAP_Summer",
        "Condition": "SEASON Summer",
        "Texture": "LooseSprites/Cursors",
        "SourceRect": {
          "X": 640,
          "Y": 1051,
          "Width": 1,
          "Height": 400
        }
      },
      {
        "Id": "MMAP_Fall",
        "Condition": "SEASON Fall",
        "Texture": "LooseSprites/Cursors",
        "SourceRect": {
          "X": 641,
          "Y": 1051,
          "Width": 1,
          "Height": 400
        }
      },
      {
        "Id": "MMAP_Winter",
        "Condition": "SEASON Winter",
        "Texture": "LooseSprites/Cursors",
        "SourceRect": {
          "X": 642,
          "Y": 1051,
          "Width": 1,
          "Height": 400
        }
      }
    ],
    "BackingSunset": [
      {
        "Id": "MMAP_SunsetFall",
        "Condition": "SEASON Fall",
        "Color": "#FF00FF80"
      },
      {
        "Id": "MMAP_Sunset",
        "Color": "#FFA50080"
      }
    ],
    "BackingNight": [
      {
        "Id": "MMAP_Night",
        "Texture": "LooseSprites/Cursors",
        "SourceRect": {
          "X": 639,
          "Y": 858,
          "Width": 1,
          "Height": 144
        }
      }
    ],
    "ParallaxLayers": [
      {
        "Id": "MMAP_NightStars",
        "Condition": "!mushymato.MMAP_RAINING_HERE",
        "Texture": "LooseSprites/Cursors",
        "SourceRect": {
          "X": 0,
          "Y": 1453,
          "Width": 638,
          "Height": 195
        },
        "RepeatX": true,
        "DrawViewportOffset": "-0.1,0",
        "AlignY": "Start",
        "ShowDuring": "Night"
      }
    ]
  },
  "MMAP_MountainView": {
    "BackingDay": [
      {
        "Id": "MMAP_Raining",
        "Condition": "mushymato.MMAP_RAINING_HERE",
        "Texture": "LooseSprites/Cursors",
        "SourceRect": {
          "X": 640,
          "Y": 858,
          "Width": 1,
          "Height": 184
        }
      },
      {
        "Id": "MMAP_Spring",
        "Condition": "SEASON Spring",
        "Texture": "LooseSprites/Cursors",
        "SourceRect": {
          "X": 639,
          "Y": 1051,
          "Width": 1,
          "Height": 400
        }
      },
      {
        "Id": "MMAP_Summer",
        "Condition": "SEASON Summer",
        "Texture": "LooseSprites/Cursors",
        "SourceRect": {
          "X": 640,
          "Y": 1051,
          "Width": 1,
          "Height": 400
        }
      },
      {
        "Id": "MMAP_Fall",
        "Condition": "SEASON Fall",
        "Texture": "LooseSprites/Cursors",
        "SourceRect": {
          "X": 641,
          "Y": 1051,
          "Width": 1,
          "Height": 400
        }
      },
      {
        "Id": "MMAP_Winter",
        "Condition": "SEASON Winter",
        "Texture": "LooseSprites/Cursors",
        "SourceRect": {
          "X": 642,
          "Y": 1051,
          "Width": 1,
          "Height": 400
        }
      }
    ],
    "BackingSunset": [
      {
        "Id": "MMAP_SunsetFall",
        "Condition": "SEASON Fall",
        "Color": "#FF00FF80"
      },
      {
        "Id": "MMAP_Sunset",
        "Color": "#FFA50080"
      }
    ],
    "BackingNight": [
      {
        "Id": "MMAP_Night",
        "Texture": "LooseSprites/Cursors",
        "SourceRect": {
          "X": 639,
          "Y": 858,
          "Width": 1,
          "Height": 144
        }
      }
    ],
    "ParallaxLayers": [
      {
        "Id": "MMAP_NightStars",
        "Condition": "!mushymato.MMAP_RAINING_HERE",
        "Texture": "LooseSprites/Cursors",
        "SourceRect": {
          "X": 0,
          "Y": 1453,
          "Width": 638,
          "Height": 195
        },
        "RepeatX": true,
        "AlignY": "Start",
        "DrawViewportOffset": "-0.1,0",
        "ShowDuring": "Night",
        "DrawInMapScreenshot": true
      },
      {
        "Id": "MMAP_RainFar",
        "Condition": "mushymato.MMAP_RAINING_HERE",
        "Texture": "LooseSprites/Cursors",
        "Color": "#808080",
        "Scale": 3.0,
        "SourceRect": {
          "X": 0,
          "Y": 886,
          "Width": 639,
          "Height": 148
        },
        "RepeatX": true,
        "AlignY": "End",
        "DrawOffset": "100,-250",
        "DrawViewportOffset": "-0.4,-0.01"
      },
      {
        "Id": "MMAP_RainNear",
        "Condition": "mushymato.MMAP_RAINING_HERE",
        "Texture": "LooseSprites/Cursors",
        "SourceRect": {
          "X": 0,
          "Y": 886,
          "Width": 639,
          "Height": 148
        },
        "RepeatX": true,
        "AlignY": "End",
        "DrawViewportOffset": "-0.5,0"
      },
      {
        "Id": "MMAP_NormalFar",
        "Condition": "!mushymato.MMAP_RAINING_HERE, SEASON Spring Summer Fall",
        "Texture": "LooseSprites/Cursors",
        "Color": "#808080",
        "Scale": 3.0,
        "SourceRect": {
          "X": 0,
          "Y": 737,
          "Width": 639,
          "Height": 148
        },
        "RepeatX": true,
        "AlignY": "End",
        "DrawOffset": "100,-250",
        "DrawViewportOffset": "-0.4,-0.01"
      },
      {
        "Id": "MMAP_NormalNear",
        "Condition": "!mushymato.MMAP_RAINING_HERE, SEASON Spring Summer Fall",
        "Texture": "LooseSprites/Cursors",
        "SourceRect": {
          "X": 0,
          "Y": 737,
          "Width": 639,
          "Height": 148
        },
        "RepeatX": true,
        "AlignY": "End",
        "DrawViewportOffset": "-0.5,0"
      },
      {
        "Id": "MMAP_WinterFar",
        "Condition": "!mushymato.MMAP_RAINING_HERE, SEASON Winter",
        "Texture": "LooseSprites/Cursors",
        "Color": "#808080",
        "Scale": 3.0,
        "SourceRect": {
          "X": 0,
          "Y": 1035,
          "Width": 639,
          "Height": 148
        },
        "RepeatX": true,
        "AlignY": "End",
        "DrawOffset": "100,-250",
        "DrawViewportOffset": "-0.4,-0.01"
      },
      {
        "Id": "MMAP_WinterNear",
        "Condition": "!mushymato.MMAP_RAINING_HERE, SEASON Winter",
        "Texture": "LooseSprites/Cursors",
        "SourceRect": {
          "X": 0,
          "Y": 1035,
          "Width": 639,
          "Height": 148
        },
        "RepeatX": true,
        "AlignY": "End",
        "DrawViewportOffset": "-0.5,0"
      }
    ],
    "OnetimeTAS": [
      {
        "Id": "MMAP_Clouds",
        "TAS": [
          "MMAP_Cloud1",
          "MMAP_Cloud2",
          "MMAP_Cloud3"
        ],
        "Count": 5,
        "XStart": 0,
        "XEnd": 1,
        "YStart": 0,
        "YEnd": 0.3
      }
    ],
    "RespawnTAS": [
      {
        "Id": "MMAP_Clouds",
        "TAS": [
          "MMAP_Cloud1",
          "MMAP_Cloud2",
          "MMAP_Cloud3"
        ],
        "Count": 1,
        "XStart": 1,
        "XEnd": 1.3,
        "YStart": 0,
        "YEnd": 0.3
      }
    ]
  },
  "MMAP_IslandHorizon": {
    "BackingDay": [
      {
        "Id": "MMAP_BlueDay",
        "Color": "#017ad9"
      }
    ],
    "BackingNight": [
      {
        "Id": "MMAP_BlueNight",
        "Color": "#00003f"
      }
    ],
    "ParallaxLayers": [
      {
        "Id": "MMAP_Cloudy_Ocean_BG",
        "Texture": "LooseSprites/Cloudy_Ocean_BG",
        "Scale": 3.0,
        "RepeatX": true,
        "AlignY": "Start",
        "ShowDuring": "Day"
      },
      {
        "Id": "MMAP_Cloudy_Ocean_BG_Night",
        "Texture": "LooseSprites/Cloudy_Ocean_BG_Night",
        "Scale": 3.0,
        "RepeatX": true,
        "AlignY": "Start",
        "ShowDuring": "Night"
      }
    ]
  }
}
